nframe,x0,y0
0,1313.0,703.0
1,1349.3304569355262,708.9267288370683
2,1348.782218561351,708.570565299404
3,1374.6244864475132,699.8819915159288
4,1375.0213745104809,699.8065428444283
