nframe,x0,y0
0,1471.0,570.0
1,1498.3950073333829,545.4125684737879
2,1497.7738137728484,545.6163731372039
3,1507.207074940884,520.0365430434234
4,1507.3971300259302,519.680043813122
5,1515.7866783231202,491.31130344084903
6,1518.044577381242,485.0761022879268
7,1545.539001125026,489.08631059360135
8,1569.1201253159477,473.25536200637066
9,1568.1104974927107,472.3581853290796
10,1568.1424866364766,472.4613104136904
