nframe,x0,y0
0,842.0,824.0
1,834.1618003650175,788.0334760876948
2,834.0320153006917,788.6742362749393
3,816.4551259168809,767.8327611956572
4,816.239112342217,767.4913658645258
