nframe,x0,y0
0,364.0,110.0
1,379.2134890153163,76.48018544452978
2,378.7264509936288,76.91631816046653
3,377.0919339307441,49.701570727095145
4,377.12280761079097,49.29875631270839
5,373.41235481975815,19.949097183072297
6,372.97592635767813,13.332045591044547
7,399.76602508199056,5.9621257814914514
