nframe,x0,y0
0,1313.0,703.0
1,1277.529205620248,712.8412886311509
2,1278.1762316076718,712.9349644128556
3,1258.3524341875568,731.6521004047028
4,1258.0236797092057,731.8869048542379
5,1237.8946021074623,753.5661618950893
6,1233.0996333285002,758.1470041738464
7,1210.2561600543715,742.329266142389
8,1182.0951503400486,746.0232995950003
9,1182.600527911252,747.2758441420141
10,1182.6177314423328,747.1692508640214
11,1195.9117603486636,746.1554745823564
12,1237.8558096026622,762.7974299453724
