nframe,x0,y0
0,39.0,223.0
1,22.27657060661126,190.20739221750418
2,22.31393022533076,190.86009585574192
3,0.016503954094922335,175.1712811914705
4,-0.27919672269825924,174.89601087650462
5,-25.540070774423086,159.49931665069073
6,-30.98583394704667,155.7152044639596
7,-20.046103481615823,130.17411198534055
8,-29.286906507654933,103.3171592409737
9,-30.413368727400098,104.06238216011675
10,-30.305486579128456,104.05796282994504
