nframe,x0,y0
0,918.0,559.0
1,930.0861183413016,593.7700152328456
2,930.1382884839638,593.1183281478928
3,950.0830355203419,611.7065284251103
4,950.3383527320667,612.019619079641
5,973.2586691037534,630.7233365807717
6,978.1363359570107,635.2160203714146
7,963.8094985385104,659.0228857098314
8,969.2941554172585,686.8905531795284
9,970.511874107783,686.3062283362462
10,970.4043998572021,686.2958662005133
