nframe,x0,y0
0,126.0,652.0
1,89.23063067052844,653.7440455742841
2,89.84086105977187,653.9786444927033
3,66.36513875680595,667.8424313579535
4,65.99255818684658,667.9986246851033
5,41.56333519353508,684.6834385852754
6,35.87318478520085,688.089026626217
7,17.098540083504886,667.606404138295
