nframe,x0,y0
0,1073.0,382.0
1,1039.9093532610914,398.12567252095323
2,1040.5626273182947,398.10016200028406
3,1024.471820900643,420.10925268392464
4,1024.1912305759988,420.39991005312993
