nframe,x0,y0
0,842.0,824.0
1,869.5242225624826,799.5573039911062
2,868.9019634144522,799.757831628035
3,878.4699200631032,774.2280778207498
4,878.6618515491191,773.8725852874483
5,887.2008096512076,745.5484587259621
6,889.4915419282974,739.3252451502626
7,916.9644466910926,743.4803157335417
8,940.6286852997222,727.7738787616169
9,939.6238003520955,726.8713929867913
10,939.6552454984064,726.9746852477228
11,928.1628299411657,733.7336298081785
12,883.1744633866626,737.2414526207162
