nframe,x0,y0
0,426.0,200.0
1,410.29498476845686,166.70764783874137
2,410.31221420923595,167.3611927314994
3,388.5088120026657,150.99275431760103
4,388.221733934848,150.70850298596747
5,363.44728977502126,134.5407304890543
6,358.12071639741043,130.59060927230692
7,369.8422762538223,105.39874268425513
8,361.4334326276684,78.26979688553124
9,360.28454199564374,78.97995507028676
10,360.39250909184756,78.97886212372161
11,363.6425571410335,91.90929655531005
