nframe,x0,y0
0,1228.0,1040.0
1,1236.2201018015485,989.1245701481805
2,1233.2800129898367,992.5385981285602
3,1232.4884452019778,991.0603382727572
4,1232.4161881450134,990.7759303157063
5,1231.4944962961345,989.152713197534
6,1231.2857026617792,988.6001802370729
7,1232.2515413677258,989.8848103888926
8,1233.6168987399926,988.8903904842639
9,1233.8287040149135,988.7351473979303
10,1233.6945746413337,988.8334191498502
11,1232.8562894341924,988.6466334100213
