nframe,x0,y0
0,1644.0,834.0
1,1656.2564230411913,884.0565633106247
2,1657.6335840146874,879.7666755586378
3,1658.9386603902326,880.8195798363612
4,1659.116041072632,881.0533426687931
5,1660.5974448214824,882.1890330358866
6,1661.005058017265,882.616512786012
