nframe,x0,y0
0,576.0,354.0
1,529.6899471300334,331.38897526833154
2,532.1054343693952,335.1922804977404
3,530.46121460649,335.5214812500583
4,530.1680712800577,335.5082163157125
5,528.3474048721785,335.91994864166986
6,527.7580742631187,335.959658682823
