nframe,x0,y0
0,790.0,919.0
1,759.0554283075181,877.789407684382
2,759.4752291769173,882.275327489909
3,757.8613467751405,881.8201183541377
4,757.6063622556034,881.6748879747005
5,755.797804771415,881.2128603744384
6,755.2549774055992,880.9799958106579
7,756.8502674006218,881.1753643461242
8,757.0810445092541,879.5020999836112
9,757.1161381559411,879.2418494767896
10,757.0938866665446,879.4066308389091
