nframe,x0,y0
0,978.0,422.0
1,987.4398330122361,371.3367096515009
2,984.4185825759791,374.67912720066874
3,983.6627531922153,373.18227927696586
4,983.5973488859553,372.8962176664032
5,982.7149150775873,371.2513285361373
6,982.5194543523078,370.69393948079414
