nframe,x0,y0
0,349.0,46.0
1,382.1727976373737,85.43912946738399
2,381.50594831505094,80.98323211074685
3,383.14250299452266,81.34863674283795
4,383.40511739238974,81.4795666719908
5,385.2364266577325,81.84103043461091
6,385.7912834964833,82.04356769694708
