nframe,x0,y0
0,389.0,992.0
1,376.67095931591706,941.9612730772909
2,375.300024288219,946.2531545320144
3,373.99342155451865,945.2021449886032
4,373.81570187610913,944.9686397761965
5,372.3326518346281,943.8351000761944
6,371.9244188078598,943.4082122103576
