nframe,x0,y0
0,126.0,652.0
1,146.00385112595464,657.5946519832013
2,156.3260002264899,666.117182525261
3,240.60582828787182,699.5605393801961
4,250.1674574030952,713.1138621328633
5,299.1998143375695,725.3190526204497
6,321.1969385098405,736.707503557612
7,338.7631853775091,742.5993895037199
8,395.99498141132125,750.8921013172092
9,458.81660266459727,756.6691955480472
10,477.8932657650504,769.6867732376487
