nframe,x0,y0
0,1745.0,644.0
1,1766.1971961711824,640.032209185549
2,1784.2001199048916,641.9807105102586
3,1885.8836362110103,632.2634207401286
4,1909.6540578035842,638.080633633183
5,1959.7208599519338,627.2856796537912
6,1989.5946373375325,626.6352975624483
7,2009.4360883608106,623.845147620141
8,2060.4118533535366,607.0237256804905
9,2112.1973965832062,586.2013879438445
10,2142.0427599948957,587.8645435797109
11,2136.174129768228,584.7300372141948
12,2136.492322918821,583.9364364333172
