nframe,x0,y0
0,939.0,908.0
1,960.382329808549,904.3600598464877
2,978.2836927673094,906.5850143221381
3,1080.4019614873175,898.4369423482118
4,1103.8804069567839,904.6179585466921
