nframe,x0,y0
0,902.0,493.0
1,901.9749856532827,505.5662714572675
2,892.9858895587341,514.5539711380109
3,877.1567171318051,571.8831992829948
4,859.8169836754728,582.7223508206416
5,862.1577281959361,612.8541963234303
6,853.7900539843153,628.9986468123396
7,852.2088146716251,640.4685046491433
8,864.4234314889571,672.9945574517451
9,883.1278534131866,707.2201823222914
10,870.8680892589521,722.6165183936414
11,878.0127482566273,720.4785054143651
