nframe,x0,y0
0,426.0,200.0
1,410.2474609562671,191.08947011928475
2,405.33510440013487,181.15416383709123
3,344.60049837052856,134.26285671254382
4,343.2793254795572,119.70031455981668
