nframe,x0,y0
0,568.0,709.0
1,547.8744742027009,703.5451668293073
2,537.365427611436,695.0952163587082
3,452.35555192454734,662.2416988474853
4,442.4961751029476,648.7560427818189
5,393.19878869168195,636.8934528777194
6,370.9525474317621,625.659154715666
7,353.25789294319145,619.8901248349547
8,295.84786011383477,611.9968481885278
9,232.9038317890305,606.6579467512632
10,213.5419496641867,593.7742966767911
11,213.8737494958402,598.3226576531023
12,212.66296344596424,598.767612570377
