nframe,x0,y0
0,1652.0,400.0
1,1671.4657838091225,393.83398412478283
2,1689.7989173409844,393.81817216676467
3,1786.3311450232795,373.385415500584
4,1811.6360896271042,376.5496329690175
5,1857.1314993156595,360.5886225662188
6,1886.2382689677438,356.7497747830175
7,1904.7718517762135,351.8850852689042
8,1949.1191280326823,329.9105363758453
9,1992.9067189931116,303.92155175757887
10,2022.768919037163,302.35693947360113
