nframe,x0,y0
0,1362.0,396.0
1,1384.333320773685,396.3084600002885
2,1400.0964783673796,401.5739959692168
3,1501.6162998961736,411.8185283863786
4,1520.4743915528088,421.82338312949287
5,1574.0822521408722,421.212982243186
6,1602.5795885604684,426.29672739142666
7,1622.9278064434693,427.4546377173273
8,1681.022185139554,421.3477977203576
9,1742.2892343748674,411.63126057066745
10,1769.3657736309863,418.88617917521236
