nframe,x0,y0
0,864.0,318.0
1,842.8553610105942,322.0555497952095
2,824.8273990062138,320.1817271847361
3,723.2739489296674,330.32025209865566
4,699.4279620921554,324.6017304280141
5,649.5039429733472,335.6039284374845
6,619.6394973467574,336.3781257943677
7,599.8351385438125,339.2504468529835
8,549.0811333811233,356.28271702128933
9,497.5697875442095,377.31915104510904
10,467.70344570700524,375.77975571325675
11,473.61298141717816,378.8898502923234
