nframe,x0,y0
0,1080.0,300.0
1,1084.949507738616,312.25398604829087
2,1079.7434901543888,322.14186500187856
3,1087.0032924895656,380.0145174203476
4,1074.389070491945,392.7531908955798
5,1088.5976390731532,421.83556620946746
6,1086.8301808043173,438.6227333678516
7,1089.8285505923118,450.0027242610256
