nframe,x0,y0
0,426.0,200.0
1,442.9693738021818,191.82692565892597
2,460.94875258031993,189.8108112450813
3,548.599986611623,159.2321680138756
4,574.5154793870612,159.5748685956896
5,613.6417719375688,138.95240713822506
6,640.8715819376737,132.01021586644592
7,657.3752780537469,125.21547110085558
8,693.3012476864998,98.81900919008582
9,727.2936311414986,68.54545531621167
10,756.0488779380253,63.75185623373046
