nframe,x0,y0
0,1655.0,576.0
1,1666.7785925706505,557.6306059782488
2,1658.5106770306397,562.2373924798275
3,1641.2292489190024,645.964191184756
4,1658.6545789521244,639.2409943498941
5,1655.2162113452869,600.6312861012748
6,1630.739025775352,611.9143327327872
7,1599.1573250962922,612.364923871379
8,1512.4564702226196,614.179918825683
9,1429.1944192329001,590.692475482988
10,1434.541548083576,604.4442290900007
11,1432.7280864633344,607.0558029599492
