nframe,x0,y0
0,947.0,879.0
1,972.3941251888086,865.6848546410567
2,961.298317561362,867.6588212191796
3,877.9386883537222,937.7017958714506
4,898.8994122446604,936.1978209124707
5,927.191737827618,900.9674212384665
6,896.255119950328,904.716040503474
