nframe,x0,y0
0,323.0,1067.0
1,337.52561387571836,1049.2638311430671
2,328.58821415742716,1053.456431472088
3,298.6528860761547,1136.0465740196296
4,317.03567406183873,1130.1853914591966
5,319.4742263148896,1091.5516145034114
6,293.3727813050014,1101.6170740638029
7,261.838117264813,1100.5482553493139
8,175.17860140652982,1098.1899197166053
9,95.78845009102358,1070.7869251550285
10,99.02730252846466,1084.7453703962244
