nframe,x0,y0
0,790.0,919.0
1,788.0015743500469,938.4953251176296
2,793.5970518901531,932.7555485079341
3,767.8061256198769,849.724191184712
4,754.502553148485,858.9587171270801
5,777.3316246141198,895.421710753768
6,795.0886385075378,880.6870610450234
7,825.1366282299077,875.1997643043043
8,907.3345955967247,859.5814606098407
9,999.0365803606421,868.7699137529888
10,986.9534421527054,856.4426541385446
