nframe,x0,y0
0,898.0,366.0
1,906.3513567410824,384.95424834549783
2,908.6752326889637,378.5399833522225
3,840.3417408831486,303.525167619149
4,832.4945308918378,314.56109781709904
5,873.4904410860453,345.58814155506656
6,882.6968085203108,328.5570307128288
