nframe,x0,y0
0,1064.0,712.0
1,1097.8216625916114,707.5962870853831
2,1086.4558582854668,706.1899872710513
3,952.0545349265624,743.4619376653192
4,971.5501618919191,748.0462721101878
5,1027.3372539346792,725.4690529175153
6,997.2058409254065,720.0274941548046
7,979.3942567751171,705.3507386961908
8,929.6332599347985,665.3724871534037
9,919.5206939255442,613.2878326795814
10,901.8879949427596,623.2769679838273
