nframe,x0,y0
0,1084.0,690.0
1,1049.2853713644627,690.16864504788
2,1059.8373807910943,692.92931386857
3,1205.4180592926118,672.9583110177552
4,1188.1566257321342,666.1026449451986
5,1124.9865964872615,681.3291383710645
6,1152.2993386766195,690.320347858342
7,1164.0218644561346,706.8221066501801
8,1197.167115949344,751.9233898304005
9,1186.9371846390272,804.0007919419152
10,1208.0045408937567,796.4030518743059
