nframe,x0,y0
0,1646.0,1043.0
1,1623.6261770119813,1022.3167593480401
2,1625.639707256564,1014.3568394380848
3,1540.7483923657353,910.3609390467859
4,1550.9271189398148,898.7547369226381
5,1480.0910584074402,888.2821365397591
6,1449.6721402002026,873.1947642400296
7,1408.9924055099434,860.0026418061541
8,1292.1350519305756,847.6509093238134
9,1158.663261172906,840.2425308900341
10,1150.3576484642908,825.9675597726366
