nframe,x0,y0
0,731.0,896.0
1,704.1806112313227,914.9367641425717
2,690.2015227073244,916.6138542888904
3,545.8490282421802,997.2499488712491
4,522.972813803552,995.8702497971577
