nframe,x0,y0
0,245.99999999999997,924.0
1,288.4375856231455,928.0440308237557
2,297.80875330571143,934.1150043924127
3,493.09939036267883,966.1790275349867
4,502.017800702641,978.1087940858112
5,562.4946012566775,954.8690852382707
6,602.6878963063883,951.8279913004393
7,647.0586916472049,943.184859023568
