nframe,x0,y0
0,1122.0,234.0
1,1089.9593786846626,217.83329044609798
2,1087.7998573633304,209.88548815025447
3,953.1271004011927,124.11393923834763
4,956.9124943064518,111.34868118319812
5,883.7180161393287,112.83096549012214
6,846.8485295245483,103.32869429375188
