nframe,x0,y0
0,936.0,170.0
1,950.7215207035459,192.75111064211512
2,945.9696629818209,200.3338958134465
3,992.9219426238866,311.67938203944254
4,978.8913972513151,321.9360447885619
5,1044.695350961442,340.02560613710193
6,1069.2580728119733,358.17791522324615
7,1104.5433438211335,375.6046865363424
8,1214.8177229963435,400.61781657521584
9,1343.1082756648168,422.6180666741898
10,1346.2712991279898,437.5323538406535
11,1345.587841988956,441.7573214793915
12,1344.3567300625436,442.07890481894896
