nframe,x0,y0
0,340.0,741.0
1,320.70846063540273,719.3567389947098
2,323.8726114866933,711.5161191209097
3,254.38662190070457,603.9631788763212
4,266.2187809033891,592.8641341835594
