nframe,x0,y0
0,1884.0,623.9999999999999
1,1846.4409979454035,635.8253145654922
2,1832.3725501331485,634.4041812572342
3,1644.5280455845634,678.3446986756913
4,1624.2783307637835,672.2011670877542
5,1603.0984260759053,711.6395476092932
6,1575.1886971082624,728.1905979284811
7,1550.2731882730573,750.5784201181664
