nframe,x0,y0
0,1868.0,326.0
1,1849.5036994761067,304.1381869913653
2,1852.9537919034135,296.335821649272
3,1787.414045164833,188.0019385070773
4,1799.6494234989968,177.04209225794318
