nframe,x0,y0
0,1597.0,704.0
1,1573.8196248722625,683.5997280083922
2,1575.5201636580196,675.6167374445466
3,1486.5667506211062,572.700707006089
4,1496.28734424194,560.9708964284862
5,1425.0574118811612,551.3807662756485
6,1394.053593015113,536.6749331170672
7,1352.8658660079545,523.9913461622725
8,1235.5520903412726,513.0942126735855
9,1101.8220015338736,507.3456100899253
