nframe,x0,y0
0,768.0,840.0
1,761.7187102092864,816.047924535654
2,769.0860622343623,809.1581296945036
3,762.9274813385883,694.7757034741296
4,780.3402788681259,686.3170071795045
