nframe,x0,y0
0,1751.0,80.0
1,1784.262818751117,95.36583695197987
2,1787.03610686589,103.25314393664436
3,1928.2267216686002,185.64154157665024
4,1925.4340141482435,198.48747258255207
