nframe,x0,y0
0,1701.0,200.0
1,1739.5674528473046,210.74930812517454
2,1745.4321886715975,218.08144963943295
3,1916.0228107766739,280.431679027915
4,1918.4534843464396,293.30087794206776
5,1988.2684067995617,280.846203573109
6,2028.3152574185533,284.44707213013083
7,2075.231518452619,283.3603220065392
