nframe,x0,y0
0,580.0,765.0
1,614.3891091936537,779.5602246976758
2,617.7533364129557,787.3744449616167
3,765.0161758092646,866.3278830290177
4,763.192470314512,879.2287871747677
