nframe,x0,y0
0,342.0,22.0
1,343.68388109714465,-2.1927353905587426
2,353.1848691556245,-8.199525532666785
3,384.6543871562887,-121.25700357852713
4,404.5429871487459,-127.76308870159569
