nframe,x0,y0
0,1854.0,705.0
1,1874.6542562424365,683.7583608711116
2,1887.9157294226134,680.7587245147755
3,2005.570085365308,587.4020344186904
4,2028.5282557871976,586.5564456061345
5,2009.2286762803403,546.8139118262627
6,2017.2448361042407,524.451645317053
7,2017.2121324636914,498.03888831672543
