nframe,x0,y0
0,169.0,980.0
1,130.35100623560083,990.6562393243922
2,116.44117179217238,988.8059027977301
3,-75.38175607889319,1026.9220996796898
4,-95.00608995653481,1020.1668768565384
