nframe,x0,y0
0,1774.0,54.0
1,1815.1178123803927,61.158604935145064
2,1822.982856179517,67.87206791013611
3,2009.0439521875578,114.15118981972707
4,2015.085794197002,126.63860812951192
5,2080.4855219424894,108.09101715395691
6,2121.0407552075467,108.05986969272898
