nframe,x0,y0
0,1593.0,958.0
1,1602.025611850286,934.3270065213143
2,1613.2152481228372,929.3243521212479
3,1678.6453826834588,820.9695066770663
4,1700.2211614673856,816.4757274218528
5,1661.5715282269593,781.4803532331312
6,1657.9157799524344,758.760884813375
7,1644.4916717418441,733.4505005704485
