nframe,x0,y0
0,1636.0,494.0
1,1630.817407200813,469.96487650893573
2,1638.4977557064813,463.18409201623626
3,1637.5780634893456,348.7503885248339
4,1655.3723557618978,340.54674363287506
