nframe,x0,y0
0,1261.0,484.0
1,1220.2294335774668,476.2383786745771
2,1212.6795232707284,469.4114017905662
3,1028.8359774942883,420.408345604871
4,1023.3773584529704,407.83623925252454
5,957.1368567551851,425.41444706120467
