nframe,x0,y0
0,1690.0,523.0
1,1703.953261545683,500.0962151851577
2,1716.1187104684832,495.8753629895552
3,1803.9332092343095,392.65032080469655
4,1826.3042012633648,389.62764225467316
5,1795.3059856062096,352.3008339757373
6,1796.4663450289927,329.4978334048901
