nframe,x0,y0
0,624.0,1009.0
1,585.0211883458452,998.7308970698616
2,578.8709087839708,991.4731585309621
3,405.88137000503303,931.2505490765745
4,402.94761123227556,918.41456940639
5,333.6370599095634,931.7307781857879
6,293.45898443805584,928.6267024340382
