nframe,x0,y0
0,1222.0,136.0
1,1249.225055641936,154.7527100085031
2,1249.1797700850527,162.79276493569577
3,1358.7263066094993,259.22058635477345
4,1351.486467343006,271.5047690310862
5,1424.2117237501789,276.38955111600376
