nframe,x0,y0
0,1534.0,598.0
1,1574.4253311648902,589.6866272521398
2,1587.9126177884907,592.3487038638237
3,1785.7928218830232,565.7788900014917
4,1804.0469289361686,573.6564004104966
5,1836.1120405232482,536.6158527807289
