nframe,x0,y0
0,624.0,1009.0
1,590.5282928139083,1024.2216365659433
2,576.2352576869664,1024.1566030277918
3,404.271076123782,1085.3013152185963
4,382.4684168067464,1081.1685111734676
5,373.42662360991716,1122.0519373451773
