nframe,x0,y0
0,1312.0,522.0
1,1269.836760064365,526.8680523575492
2,1257.1951507085682,523.1159651439799
3,1054.511894946776,532.9756042512998
4,1038.5233527220587,523.6696044495957
