nframe,x0,y0
0,1634.0,750.0
1,1673.7402982535432,740.7001095719592
2,1687.4216538702697,743.0278490604766
3,1883.046759219744,711.6155615866016
4,1901.8958682995965,719.0364800749506
5,1931.0504419344516,681.2425634230138
6,1962.1789870812718,666.6203362870605
7,1991.5347522948439,646.0055959352013
8,2030.9769633796627,582.9099061341592
9,2064.254763292825,509.82652625783857
