nframe,x0,y0
0,1856.0,538.0
1,1851.263443048011,513.9357726853377
2,1859.0691296089965,507.2004258404325
3,1860.2717674392343,392.76755254107456
4,1878.2172356858007,384.66877184732573
5,1821.8876214065624,358.33710008872237
6,1805.655272179398,337.43176015656195
