nframe,x0,y0
0,496.00000000000006,362.0
1,454.1597778932624,367.68185672355935
2,441.29597063769853,364.17685955712136
3,239.33650624082938,377.95657534143913
4,222.78775177187757,368.96578866861904
5,183.4640496890641,403.72274614847476
6,148.64637841698044,415.42030900632705
7,113.91007422937179,433.1926150827075
8,57.376793174312866,492.03186518671475
