nframe,x0,y0
0,48.0,645.0
1,84.3542562869507,657.9619825759492
2,88.82175550698082,665.5992675895504
3,246.86699785653974,737.6551509105129
4,246.88850629718362,750.5967704961341
5,318.6382134210607,742.32294627886
