nframe,x0,y0
0,48.0,649.0
1,11.051514756075353,636.5810316316542
2,6.228012589512966,629.0125727717605
3,-155.13583524302413,559.3228175161928
4,-155.7632198723432,546.3860048197661
5,-227.10069051097722,555.7197944466315
6,-266.5215144573496,550.3618926037518
7,-313.4446730116349,549.3738496162567
8,-427.0431333273119,569.1272332720813
9,-551.234167223609,597.6142170345914
10,-570.423625393172,587.1696220263991
11,-574.6346121223193,583.6500333968494
12,-574.0406183406834,582.9634945769424
