nframe,x0,y0
0,1868.0,326.0
1,1907.802878022324,335.214822677286
2,1914.5597795537028,342.29983343892553
3,2092.444915034238,397.8269325302215
4,2096.460527727081,410.56991362248755
5,2164.566891525499,395.4147503777179
6,2204.961934375442,397.4405724399887
7,2251.6303025387924,394.5214420003261
8,2358.800155294515,365.55162479925747
