nframe,x0,y0
0,93.0,158.0
1,124.15236986221989,141.2930319549275
2,138.40718967714974,140.70191643001263
3,300.929641281565,71.86930294476744
4,323.2590426417129,74.98776772260337
5,326.34093858442577,33.8256884862056
