nframe,x0,y0
0,638.0,234.0
1,643.4994183803057,258.0128369143388
2,635.9087041967334,264.8254824212784
3,638.3374893121874,379.2521997659963
4,620.6518739072407,387.529868703744
5,677.8080815682107,413.2917772857848
