nframe,x0,y0
0,672.0,837.0
1,705.6254201033439,821.8859369416517
2,719.9175639526561,821.9967996843002
3,892.4985947914256,761.4044798017873
4,914.2590178505754,765.6071263835814
5,923.71497861141,724.7533567464542
6,946.4496221138525,705.8625163638857
7,964.5370695405503,681.4879405656527
