nframe,x0,y0
0,1484.0,824.0
1,1445.0605139457496,834.3162009429602
2,1431.2036236051272,832.3441742868446
3,1238.3481413379113,868.7744839821888
4,1218.913313630273,861.8480809256239
5,1192.8736620291797,900.3549440092729
6,1162.9711831811182,915.765511784032
7,1135.3286374045185,937.11650202907
