nframe,x0,y0
0,1572.0,148.0
1,1543.2863326773854,166.03653670469402
2,1529.158740620603,167.2579990353042
3,1376.790113499463,243.08404868495228
4,1354.0931232019914,240.9655779274151
5,1356.7902922411868,282.1362015882893
6,1339.9286012732039,302.8833290735387
