nframe,x0,y0
0,1261.0,484.0
1,1275.0077529898197,461.10674180305483
2,1287.1832353402644,456.8950533551571
3,1375.2432992014244,353.73622351449836
4,1397.621464231257,350.7303918952966
5,1366.7121026380617,313.38027697239664
6,1367.9267251306444,290.578170522437
7,1359.9958974712185,264.5448698904918
8,1302.2677282147956,206.07386412325647
