nframe,x0,y0
0,245.99999999999997,924.0
1,281.84609892624496,910.5976992229532
2,296.06626691857394,911.4110987842141
3,477.4053117185985,859.5392883210486
4,498.4290882543016,864.7961277595003
5,514.1995248010818,824.563930761168
6,539.7836591949267,806.8636539741102
7,561.5908408108882,783.4720726774462
