nframe,x0,y0
0,408.0,1054.0
1,407.19010909982904,1078.206983771482
2,397.907997249973,1084.321092771409
3,370.5276791879181,1197.7148144202902
4,350.8781290879594,1204.446804166605
5,400.7131472557256,1234.6381590680319
6,412.02630851761006,1256.5449336592171
7,433.8084490918392,1279.943896028362
8,520.7116074104277,1325.5919540094885
9,626.3518034654331,1372.0734112720224
10,619.767436859871,1386.6296496966963
11,616.4283926899476,1390.4336564810035
12,615.0740449878306,1390.4846675545189
