nframe,x0,y0
0,114.0,454.0
1,122.03796236207062,430.21464818231584
2,133.0163416943266,425.06602428129645
3,193.9192470845966,315.8793149876737
4,215.30210019484264,311.10266647744885
5,175.20668921816952,276.62580395940586
6,170.60644844770505,253.9606986645345
