nframe,x0,y0
0,1775.0,744.0
1,1732.2059849865695,741.4034513634585
2,1722.200767607321,735.661545558637
3,1523.8269380440506,710.2830979410579
4,1513.6452912446912,698.6777062966937
5,1455.771130176477,723.9273610740116
