nframe,x0,y0
0,412.0,756.0
1,414.05687835145517,780.1836094545613
2,405.518982727317,786.6317478802023
3,391.6199104327572,900.7992363793369
4,372.81070469764774,908.2521212287548
