nframe,x0,y0
0,1760.0,174.0
1,1742.7733323906346,151.8124023098849
2,1746.6712673313543,144.07704916976414
3,1687.4093247562926,34.605005322401155
4,1700.2698960990053,23.874027960685066
5,1632.580365490334,8.139069842990814
6,1606.0440553630085,-9.11193723278091
