nframe,x0,y0
0,1669.0,271.0
1,1707.8271260199754,260.55065958266084
2,1721.705100268168,262.47520306836657
3,1914.1627724218715,225.3852222174637
4,1933.6721953563454,232.24495119729733
