nframe,x0,y0
0,344.0,604.0
1,372.2111820863034,585.7142922505752
2,386.3032696727792,584.3693069395499
3,536.5556027905554,507.21862698164256
4,559.3084551308541,509.138155012225
