nframe,x0,y0
0,340.0,741.0
1,298.9989955657773,733.6324607496136
2,291.24224026513497,726.8792513434835
3,105.93302356579825,679.6552546171783
4,100.09225286411576,667.1376034613006
5,34.396916638818155,685.3516502080817
