nframe,x0,y0
0,685.0,468.0
1,647.1337260159976,456.48891789862705
2,641.7344358239479,449.0445138761514
3,475.1775886819802,383.33411641971173
4,473.55891877744335,370.4245598701631
