nframe,x0,y0
0,865.0,750.0
1,875.0164129339364,726.4534285255257
2,886.4128427026502,721.6007253921207
3,956.3713037354396,614.1447390659299
4,978.1296303586854,609.9386594917306
5,940.9591648421556,574.4399076972664
6,938.2577405982087,551.6782333409038
