nframe,x0,y0
0,808.0,660.0
1,847.3808992821602,669.7716587366052
2,853.8208063996933,676.9494720794527
3,1029.182528095891,734.9606732761688
4,1032.630543147292,747.7561400820849
5,1101.3891697158656,733.5634386506948
6,1141.6815530679803,736.1566707301741
7,1188.465072069842,733.8947125340749
8,1296.8889503768175,706.4409932978363
9,1413.917760535014,669.5878525107769
