nframe,x0,y0
0,1312.0,522.0
1,1345.5263939251479,537.1835087005143
2,1348.4356492019851,545.0553028776617
3,1491.0412491755897,626.6689636172113
4,1488.470333519274,639.5295368085222
5,1561.420451938469,635.8557619852972
6,1599.137609242098,644.2395797690341
7,1645.3627679001638,648.8815812002093
