nframe,x0,y0
0,1680.0,206.0
1,1669.3131881345844,229.4531339704654
2,1657.7797975772537,234.20235056013638
3,1584.765058409507,341.01307224295124
4,1562.8895505743162,345.0222242070007
5,1599.042594805479,380.85189863802935
6,1601.0943727271683,403.6350250797898
7,1612.7242443941298,429.22484506203904
