nframe,x0,y0
0,1002.0,936.0
1,1038.4970849768004,923.165643666794
2,1052.671357684451,924.2019593890734
3,1236.5133631705241,875.1970748381527
4,1257.2681353259327,880.7819050190724
