nframe,x0,y0
0,1597.0,704.0
1,1580.3895112176601,681.6642331876659
2,1584.5010668207656,673.9639527105539
3,1528.2761884179115,563.9862049945183
4,1541.4322047443052,553.3691513595315
5,1474.1863777040085,537.043326406938
6,1448.130743583174,519.5620250911647
