nframe,x0,y0
0,731.0,896.0
1,747.7001546718486,918.3146012264988
2,743.6195365905627,926.020087011504
3,800.2859807447929,1035.9261035710722
4,787.1726398063711,1046.5598487580185
