nframe,x0,y0
0,356.0,626.0
1,338.84752609045347,648.2057774835675
2,326.12299484117256,651.8681028229123
3,223.96918866449462,750.8302890547087
4,201.24122714328522,752.8409548762046
5,226.8548433657032,791.4381228849629
