nframe,x0,y0
0,1767.0,392.0
1,1726.0409300732974,384.5590250127307
2,1718.3224612924103,377.79194989829415
3,1533.2816405452356,330.2361217514277
4,1527.5117938608264,317.7080675517502
5,1461.7136347917203,335.8042969124741
6,1421.1607581832832,335.5564072006404
