nframe,x0,y0
0,1704.0,202.0
1,1668.325463874939,188.45363297576398
2,1664.251408138428,180.74704856516271
3,1509.966418142098,106.1571656531937
4,1510.6084718491516,93.22058067930195
5,1438.4643894461472,100.32696490502995
6,1399.6289245860987,93.75421365004652
7,1352.874070468789,91.31191464866532
8,1237.5116619848775,107.51091333302739
