nframe,x0,y0
0,400.0,295.0
1,416.9944676458498,272.75581645397165
2,429.6928603187223,269.0648972095912
3,531.1422907645625,169.87371247114186
4,553.8557759810429,167.8119373273401
5,527.9679629811249,129.2726944801757
6,532.19265073503,106.58446756294236
7,527.7242129205898,80.29157104579744
8,477.8830400846809,19.568451341678667
9,411.25026470189204,-45.90484021264626
10,427.11572084641045,-57.98614998199367
