nframe,x0,y0
0,1646.0,1043.0
1,1633.2431624704109,1066.1234648805244
2,1621.302299350056,1070.5425820169671
3,1538.8906192681156,1175.167667610302
4,1516.6862988688342,1178.5569605833741
5,1549.611381057877,1215.3580248645098
6,1549.636738443251,1238.170360380968
7,1558.9789023799742,1264.0550931464272
8,1619.858283251246,1321.5059356967977
