nframe,x0,y0
0,1868.0,326.0
1,1904.1646727548243,312.8712883223787
2,1918.3640102865927,313.79266154842543
3,2100.9321656240936,263.3034365073549
4,2121.8277857190346,268.7195394796489
5,2138.562923742664,228.61084026734784
6,2164.5697802879986,211.10657211094363
7,2186.9367002504378,187.88282060399908
