nframe,x0,y0
0,1122.0,234.0
1,1113.8305636786947,210.22882530128715
2,1120.6457087297829,203.16148750763872
3,1105.4467389366682,89.04642482607372
4,1122.173299526963,80.16035651053912
