nframe,x0,y0
0,1115.0,575.0
1,1146.9727263217442,591.2091843767591
2,1149.0989072495454,599.1598303677157
3,1283.4115495085553,685.1098593561187
4,1279.5726265562587,697.8700584427892
