nframe,x0,y0
0,1534.0,598.0
1,1551.3499156176267,620.1571913292557
2,1547.4949975466957,627.8993622640909
3,1607.3651629005115,737.2666423226248
4,1594.5643037472478,748.0201861337412
5,1662.3409679811186,763.6360164018852
6,1688.9730400244564,780.84026764282
7,1726.2196062592877,796.9238481332483
8,1839.1799692932527,817.8029748374572
9,1969.7652000185276,835.0091980693637
