nframe,x0,y0
0,10.0,70.0
1,39.5272103623737,87.61604002066387
2,40.498627270853625,95.63754580812568
3,161.96011768526245,187.4385935376486
4,156.29182979314365,199.98130828278292
5,229.45054855983975,201.94423459062494
