nframe,x0,y0
0,966.0000000000001,506.0
1,990.0188516358127,485.90897763003784
2,1003.712168052492,483.6035986047117
3,1136.0413947868847,396.6855762742227
4,1159.040875165225,397.0236893736929
5,1146.2788263829389,356.455364674405
