nframe,x0,y0
0,169.0,36.0
1,127.60525836809747,29.3655672763846
2,119.47267632756555,22.753731393367307
3,-68.39906151866222,-21.14993137753629
4,-74.94073001188785,-33.557411226950514
5,-139.5790947975416,-14.183735598446944
6,-180.12273359619357,-13.637396532365036
7,-225.90961898677537,-7.780118294151546
8,-326.5967021071113,27.795212115547393
