nframe,x0,y0
0,245.99999999999997,924.0
1,222.86448536506109,903.583621487419
2,224.5825706285583,895.6018197626573
3,135.85545003500422,792.6240002652813
4,145.60182005984112,780.9009593958681
5,74.39302265305814,771.261295650993
6,43.42155305300989,756.5339103579583
