nframe,x0,y0
0,624.0,1009.0
1,640.1305786022482,1031.4467836942536
2,635.8542883711107,1039.1186230555154
3,689.7180233665886,1149.469654099512
4,676.3354170186542,1159.9967218123804
5,743.2264600153853,1176.777371798227
6,768.9055391073086,1194.4340927629817
7,805.2553508875303,1211.1542513464537
8,917.0210330573344,1233.9771649756633
9,1046.6040145197073,1253.433735151969
10,1050.694722094115,1268.2764710827971
