nframe,x0,y0
0,138.0,732.0
1,126.54495815454837,755.338110707294
2,114.85760052110336,759.9666993556438
3,38.348325703622805,866.0006685481009
4,16.344913849047458,869.7818767910394
5,51.315371419924006,905.9810260353456
6,52.618745412271814,928.781581935661
7,63.40642536919101,954.4878573860822
