nframe,x0,y0
0,1876.0,577.0
1,1907.6477920808725,560.590290631164
2,1921.9182780417157,560.1341969656168
3,2086.4770267843087,492.8497916637373
4,2108.7099687782184,496.17918811412886
5,2113.0229023518705,455.0521116096511
6,2133.3337285590324,435.30683642686085
7,2148.321735119702,410.27572652386374
