nframe,x0,y0
0,1572.0,148.0
1,1596.1738188488823,168.03212839885026
2,1594.8661465964328,176.03850556325585
3,1688.8420107262064,277.5323971020425
4,1679.7014342031682,289.40883923130497
5,1751.3753377833295,297.88799848242826
6,1783.089835301037,312.10624343843915
7,1824.8849949343733,324.1447002482604
