nframe,x0,y0
0,1115.0,575.0
1,1111.1261393214718,599.1130121990597
2,1101.0932093333265,604.8395974752314
3,1059.420155643165,716.8478797352824
4,1038.9678730484147,722.7752938733433
5,1084.8522494744368,754.8870969177091
6,1093.361975681665,777.1915842983378
7,1112.1250787440542,801.4040185681083
8,1193.0256702440415,850.4187756501314
9,1292.510127641266,901.0157129725325
10,1284.0988172940224,915.2710884417065
