nframe,x0,y0
0,1774.0,54.0
1,1815.8681622023437,59.616358115271005
2,1824.5038377337542,66.0231646698114
3,2015.589747804095,105.29322542570704
4,2023.083735655554,117.52908808813943
5,2086.1643960838173,96.59376266621003
6,2126.627532822973,95.05693518955005
7,2171.918684639878,88.08602491607418
8,2269.7624079601524,50.083212834421005
9,2373.0562998164587,1.9621626851162646
10,2396.930055074264,8.690001567757006
11,2402.8233002731645,11.33750093773695
12,2402.6225653166894,12.092632244605188
