nframe,x0,y0
0,624.0,1009.0
1,652.6848918933242,1027.0510180996948
2,653.2771587521435,1035.084208195659
3,770.3605799183664,1128.667734196559
4,764.1019755499625,1141.1213276682251
5,837.1421815432271,1144.1766956674728
6,871.9298343963784,1155.9024830291578
