nframe,x0,y0
0,30.0,500.0
1,36.51338959365427,476.0675470212041
2,47.155791095426466,470.7003563523338
3,101.04464068254076,360.3532050259299
4,122.10855856373144,355.1474576032963
5,79.83669538244685,321.503254600541
6,73.79160319119111,298.9457641062637
7,57.72213707878799,274.12784317109305
8,-17.643663511614086,222.39674276721698
