nframe,x0,y0
0,1704.0,202.0
1,1664.8806850965275,191.90135967670844
2,1658.6304598128668,184.6706873745467
3,1484.8152729034914,125.20503894103578
4,1481.7045117024052,112.382252476339
