nframe,x0,y0
0,1002.9999999999999,1062.0
1,990.720473792052,1038.794920232363
2,996.2689887969697,1031.3853154275039
3,961.2231953893129,918.661194008625
4,976.3177460610011,908.8942120643017
5,912.5520161271736,888.6261931111067
6,889.9605564798148,869.6810798566847
7,856.5886520218928,851.0999741205657
