nframe,x0,y0
0,529.0,580.0000000000001
1,485.9701587864275,579.4184880668384
2,475.14907576423786,574.1655577234959
3,273.70543221456927,558.1743238526892
4,261.8398535523363,547.0865734617697
5,207.90775731123657,574.9612991931343
6,168.90404249583065,581.2108803042187
