nframe,x0,y0
0,790.0,828.0
1,803.7660422627989,805.0603971921915
2,815.8968879929988,800.8081501059742
3,902.8673452839391,697.3572564217452
4,925.2134127737133,694.2767959254514
5,893.9106488380295,657.0304909688308
6,894.8847471741632,634.2247323203088
