nframe,x0,y0
0,1222.0,136.0
1,1179.2375925279925,133.24360751785736
2,1169.300403673706,127.46444359949724
3,971.2306520718746,101.34532608553336
4,961.1862812415815,89.70214646049864
