nframe,x0,y0
0,915.0,190.0
1,943.0784711905235,171.6497754295931
2,957.160697585655,170.27249791093038
3,1106.852840359284,92.77803427468862
4,1129.6194103992855,94.6453898676389
5,1125.4854859766665,53.51249732914573
6,1141.619638847045,32.583119340533884
