nframe,x0,y0
0,244.0,260.0
1,209.70942667390085,245.3664291872517
2,206.3979731486913,237.54507966426195
3,59.669165993082146,158.27767472416696
4,61.57994514636214,145.38075880216357
5,-11.151586719823996,150.2358878246613
