nframe,x0,y0
0,752.0,27.0
1,723.4165181040398,8.898154491106661
2,722.8693208183358,0.8639530863433366
3,606.3114911848843,-92.92693657226643
4,612.6399297135904,-105.36935866368202
5,539.6172281713516,-108.55436189925285
