nframe,x0,y0
0,245.99999999999997,924.0
1,218.68898827580168,905.2868785883475
2,218.69738190896553,897.2467846945787
3,108.7087514401898,800.9783273374943
4,115.89220064882254,788.6836745671635
5,43.144772668574156,783.9044934126599
6,9.263850434033314,771.3667593181651
