nframe,x0,y0
0,1782.0,114.0
1,1754.2960954049402,132.52948466277087
2,1740.2427637839894,133.99717752602308
3,1592.1344766388977,212.44864114337813
4,1569.3314625405544,210.7277262092665
5,1574.3006174562845,251.83136544292978
6,1558.5926398509991,272.8630700744956
