nframe,x0,y0
0,169.0,36.0
1,182.62582345755573,13.033923987594319
2,194.73062068211,8.758254066983852
3,281.0685852560329,-94.86013566725039
4,303.3957023470188,-97.98377111071596
5,271.86558636780586,-135.1693504598736
6,272.7003590745969,-157.97685731400162
