nframe,x0,y0
0,126.0,652.0
1,117.78383415692349,682.0525005141703
2,117.57079462817858,682.2808635372893
3,120.07408665287154,705.4359391042261
4,119.99438863741857,706.6135175423457
5,122.4601857752737,731.6862214743081
6,122.59177943835384,737.993573370611
7,98.94983164112985,740.0266203746565
8,82.27567839548695,757.6096058176158
9,89.76733568223321,774.3457058841519
10,89.4806758825242,773.5130330490313
