nframe,x0,y0
0,1031.0,896.0
1,1008.2323892673672,917.2672064419013
2,1007.9311909323724,917.349759904168
3,997.9080512746923,938.3726204819792
4,997.222115595316,939.3331073352729
5,986.1605175140505,961.9685151264623
6,982.961860347991,967.4062165866359
7,961.7714155866621,956.7272640825558
8,938.3497423833966,962.9412795239535
9,935.9418058889707,981.1188430619524
10,936.1348712626632,980.2596319978952
