nframe,x0,y0
0,143.0,546.0
1,113.23984167850237,555.219064214688
2,112.93277369243154,555.162101392898
3,94.74964015694157,569.7153707954064
4,93.71368378364375,570.2809122564992
5,73.89313691286898,585.832971918432
6,68.64442973740232,589.3331258896399
7,54.22613547496648,570.4867000659158
8,30.437576583957366,565.8722413289142
9,20.348432183064887,581.1833856230913
10,20.896648761497076,580.4942002530715
11,20.965775769250087,579.6765579896455
12,21.06669152199568,578.490940502179
