nframe,x0,y0
0,1040.0,832.0
1,1040.5763250505452,826.2785330776393
2,1044.7178606478856,833.5022600439894
3,1044.7187773805447,833.5031767766486
4,1044.7183955195248,833.5027949156288
