nframe,x0,y0
0,1222.0,718.0
1,1222.5763250505452,712.2785330776393
2,1226.7178606478856,719.5022600439894
3,1226.7187773805447,719.5031767766486
4,1226.7183955195248,719.5027949156288
5,1226.7171070188458,719.5015064149496
6,1226.7185400480419,719.5029394441457
7,1226.7195334754426,719.5039328715465
8,1226.7203926116254,719.5047920077293
9,1230.3077097430482,715.9544259086136
10,1237.7801962158555,711.9138983771047
11,1237.3153183773625,709.1985920129368
12,1237.2669602204705,707.9685590174228
