nframe,x0,y0
0,1860.0,616.0
1,1860.5763250505452,610.2785330776393
2,1864.7178606478856,617.5022600439894
3,1864.7187773805447,617.5031767766486
4,1864.7183955195248,617.5027949156288
5,1864.7171070188458,617.5015064149496
6,1864.7185400480419,617.5029394441457
7,1864.7195334754426,617.5039328715465
8,1864.7203926116254,617.5047920077293
9,1868.3077097430482,613.9544259086136
10,1875.7801962158555,609.9138983771047
