nframe,x0,y0
0,781.0,570.0
1,781.5763250505452,564.2785330776393
2,785.7178606478855,571.5022600439894
3,785.7187773805448,571.5031767766486
4,785.718395519525,571.5027949156288
5,785.7171070188458,571.5015064149496
6,785.7185400480419,571.5029394441457
7,785.7195334754426,571.5039328715465
