nframe,x0,y0
0,808.0,180.0
1,808.5763250505452,174.27853307763925
2,812.7178606478855,181.50226004398937
3,812.7187773805448,181.50317677664862
4,812.718395519525,181.50279491562878
5,812.7171070188458,181.50150641494963
6,812.7185400480419,181.5029394441457
7,812.7195334754426,181.5039328715465
8,812.7203926116254,181.50479200772926
9,816.3077097430483,177.95442590861367
10,823.7801962158555,173.91389837710477
11,823.3153183773625,171.19859201293684
