nframe,x0,y0
0,964.0,690.0
1,964.5763250505452,684.2785330776393
2,968.7178606478855,691.5022600439894
3,968.7187773805448,691.5031767766486
4,968.718395519525,691.5027949156288
