nframe,x0,y0
0,1570.0,770.0
1,1570.5763250505452,764.2785330776393
2,1574.7178606478856,771.5022600439894
3,1574.7187773805447,771.5031767766486
4,1574.7183955195248,771.5027949156288
5,1574.7171070188458,771.5015064149496
6,1574.7185400480419,771.5029394441457
7,1574.7195334754426,771.5039328715465
8,1574.7203926116254,771.5047920077293
9,1578.3077097430482,767.9544259086136
10,1585.7801962158555,763.9138983771047
