nframe,x0,y0
0,842.0,824.0
1,842.5763250505452,818.2785330776393
2,846.7178606478855,825.5022600439894
3,846.7187773805448,825.5031767766486
4,846.718395519525,825.5027949156288
5,846.7171070188458,825.5015064149496
6,846.7185400480419,825.5029394441457
7,846.7195334754426,825.5039328715465
8,846.7203926116254,825.5047920077293
9,850.3077097430483,821.9544259086136
10,857.7801962158555,817.9138983771047
