nframe,x0,y0
0,0.005547111556721628,0.0019767605568873888
1,2.030731897649775,8.590358217339602
2,1.5099700955115598,9.340137550868256
3,-4.195874196539735,6.309247741506657
4,-5.0529142270335266,8.141764041011903
5,-4.515861796367055,11.08119227759886
6,-5.321068983035465,12.347106040502474
