nframe,x0,y0
0,0.0055471115567216275,0.0019767605568873888
1,8.735942565994797,7.719810172847359
2,9.618311353396455,6.203449726048106
3,11.378917195974747,5.7313841939199115
4,11.813088235981423,4.948643486580546
5,11.822601811187464,3.634532655266365
6,10.585327695969358,6.131465544890071
7,10.768162202858583,7.6857399969240685
