nframe,x0,y0
0,0.005547111556721628,0.0019767605568873888
1,-0.5556594053684779,-12.936686238507576
2,-0.6358317649292159,-16.619955267438336
3,-4.893872614982496,-10.426582441955343
4,-4.933543947911739,-10.413837157552122
5,-4.911905039041242,-10.28638431351992
6,-4.248887253684808,-11.94582510653414
