nframe,x0,y0
0,0.005547111556721628,0.0019767605568873888
1,-5.5048878338140375,3.7325949205923137
2,-5.224225994336628,5.2671567408625215
3,-6.323162425074473,3.1298528501480636
4,-6.741784112311532,0.07312174047780351
5,-5.074274415678373,-0.8703843390253176
