nframe,x0,y0
0,0.005547111556721628,0.0019767605568873888
1,8.18637200849859,-5.143987083873646
2,6.756713288644665,-2.056408777215326
3,3.500268426755184,1.4054214454015848
4,0.799801955920015,3.089555067215208
5,-4.312052569171163,3.6317844868610107
6,-4.359939528468957,3.3087050670837064
7,-4.4339466473837295,3.185627192882829
8,-4.355586168532795,2.9651126682729227
9,-4.364292888405121,2.9138302206892237
10,-4.372999608277438,3.4072863394293056
