nframe,x0,y0
0,0.005547111556721628,0.0019767605568873888
1,-3.358394908808517,-9.347080398059509
2,-2.5251478758811943,-8.365517928680262
3,-0.09484402984310629,-8.774502290921612
4,1.2244637722918494,-9.67426788785259
5,2.112806466334597,-10.414944460990933
6,-0.2254717006629992,-8.5833146585235
7,-0.18017622037858116,-7.776045470242622
