nframe,x0,y0
0,0.005547111556721628,0.0019767605568873888
1,0.6258573325424717,6.445629908305601
2,0.5130736559996086,6.777776977777183
3,6.159650391025924,4.092423583172465
4,6.2884962911846705,4.086842891935619
5,4.757827527509453,2.7318468780802387
6,3.1723847516321175,2.789020703687785
7,2.4199929783490037,1.4093860567263832
