nframe,x0,y0
0,0.005547111556721628,0.0019767605568873888
1,-8.327634251409808,10.063177661900152
2,-7.8045390557470355,7.465003194664045
3,-8.243855407037307,6.907520900410079
4,-7.903031456051247,8.207839333251354
5,-9.755171014681668,7.963763234358495
6,-9.742547785411164,9.053249855287081
7,-10.758104982594975,5.380079768731527
8,-10.896235559476526,8.553069054338668
9,-11.103431424798853,6.112308065410103
