nframe,x0,y0
0,0.005547111556721628,0.0019767605568873888
1,-13.859223417795445,-10.472909618131284
2,-13.574365294614731,-11.002065083357923
3,-13.27855108977322,-11.415064470851886
4,-13.300463253094813,-11.763532704049917
5,-10.094955003618516,-14.637714785084322
6,-10.05113067697533,-15.128151557733403
7,-10.979784237819665,-13.896790572445942
8,-11.853657390360004,-14.926210487111895
9,-13.81987198357577,-12.181090714669349
10,-13.211507909646741,-12.296477153884787
