nframe,x0,y0
0,0.005547111556721628,0.0019767605568873888
1,1.2418207218010513,-1.0246140869588172
2,1.0648431421172977,10.010139366490574
3,1.953869761543607,10.605481109701966
4,3.255082434282883,10.075373182312513
5,3.563222862727511,10.57841250322249
6,4.5454482174651085,10.072178781589212
