nframe,x0,y0
0,0.005547111556721628,0.0019767605568873888
1,-3.7420687499201826,-8.075948495047745
2,-2.7852306576282255,-6.948796133800586
3,0.5088180284026876,-7.725582941030456
4,2.023811674531652,-8.758805938840354
5,3.074534452899865,-8.93606785771579
6,3.062407442855384,-8.921782276783532
7,2.9977300559514846,-9.007495762377083
8,2.8400789253732306,-9.140827851078162
9,2.633919754617051,-9.178922733564185
10,0.6162530422531297,-8.215819797637792
11,0.5041778411101687,-6.815095223922554
