nframe,x0,y0
0,0.005547111556721628,0.0019767605568873888
1,3.51193538620133,0.592050291738556
2,2.965485265477488,0.9675516297632546
3,2.965485265477498,1.611268209234166
4,3.1020977956584486,1.2357668712094676
5,0.8876213166953246,-6.613583970358755
6,-1.4179301823884232,-6.553419860545469
7,-3.4213262715801003,-5.8732499784462515
8,-5.422707551737916,-4.920717232287972
9,-4.967332451134718,-3.3932268893025292
