nframe,x0,y0
0,0.005547111556721628,0.0019767605568873888
1,-0.4930795615632241,-11.58750745911936
2,-0.49307956156323035,-11.759937229994538
3,-0.4930795615632241,-11.759937229994534
4,-0.727280194863219,-12.001338909219779
5,-0.4930795615632241,-12.035824863394812
6,0.0631469425242655,-12.484142267670261
7,-0.5223546407257219,-12.139282725919916
8,-0.8110590392357124,-14.884689918491429
9,-3.3636928905178833,-11.273775423337792
10,-3.7180899062254302,-12.0405915021719
