nframe,x0,y0
0,0.0055471115567216275,0.0019767605568873888
1,-0.1324129249189803,-0.07928149103448041
2,-0.20139294315683126,-0.07928149103448041
3,0.0055471115567216275,-0.07928149103448057
4,0.07452712979457259,-0.2417979942172161
5,0.14350714803242356,-0.2417979942172161
6,0.2124871662702745,-0.07928149103448046
7,-3.225367587058879,-2.3514744805906105
8,-3.6399782300002332,-1.8923105953258865
9,-3.58604054906844,-1.1022070945038172
10,-4.109013576216211,-0.7009618794819404
