nframe,x0,y0
0,0.005547111556721628,0.0019767605568873888
1,-3.181142339963635,-6.866880708751751
2,-2.3675195012776022,-5.908435480476125
3,2.4500191073008315,-2.9388665964741576
4,4.169632679567413,-4.2691403024612855
5,5.466457891342321,-5.459437233595379
6,3.467848428921946,-5.921725676610534
7,3.2083232319142474,-5.40580479482382
