nframe,x0,y0
0,0.005547111556721628,0.0019767605568873888
1,1.9262160054487065,4.010398015557879
2,1.8225146869753603,4.159704483758387
3,1.7649028433790575,4.376877528413669
4,1.377453464336706,3.7021515426254727
5,1.4172984125384076,4.579338506223625
6,1.5356443630686925,4.5213672283484785
