nframe,x0,y0
0,0.005547111556721628,0.0019767605568873888
1,4.16999935699587,11.536702859608752
2,4.090087207638501,11.772043531573264
3,4.209955431674552,11.583770994001654
4,4.010175058281132,12.24272487550229
5,4.177732068458853,12.139478696792056
6,4.0385296907799395,13.396653460513798
7,5.12120972355229,13.481679819375174
