nframe,x0,y0
0,0.005547111556721628,0.0019767605568873888
1,-2.0245675745178904,2.0056399122181365
2,-2.5183792549144157,1.8117370265734996
3,-7.47565454565237,1.6240545746508388
4,-6.166430637945207,4.164405967230532
5,-4.20049080583396,7.616596616521324
6,-2.292372733490697,9.455670757310719
7,-0.6208222178675289,10.613606327437378
