nframe,x0,y0
0,0.005547111556721628,0.0019767605568873888
1,10.511573175042118,-4.138372712251923
2,10.703907565504359,-4.478226702344295
3,11.306242362622386,-6.003029076212931
4,11.206025707725232,-5.982075301710336
5,10.209018466447933,-7.742333805836885
6,7.477432195065554,-10.052549417324824
7,3.9053578401808924,-10.712611020607092
8,3.3477320909567396,-9.911667958450094
9,2.8560975556917265,-8.119042407648074
