nframe,x0,y0
0,0.005547111556721628,0.0019767605568873888
1,-1.0124222374824736,-6.51727921176237
2,-1.0693267351115656,-5.804135479463343
3,-1.2969447256279776,-6.072268779694252
4,-0.3169450493639603,-5.288374194660337
5,1.832802643972615,-3.644198966907398
6,4.164359156228287,-2.446951848495649
7,4.025203704764184,-4.208405938382364
8,3.582590940300664,-4.228911254041191
9,3.852862298272064,-5.388983095681411
10,2.7858279504259134,-4.243781364749803
