nframe,x0,y0
0,0.005547111556721628,0.0019767605568873888
1,1.3495960163006822,-1.1141097536177245
2,1.142582698805556,9.583473978930666
3,2.1164161073463283,10.17049054384821
4,3.4653325989624904,9.671602035060697
5,3.7346032490629892,10.149665821089119
6,4.831671130726423,9.67673281263125
