nframe,x0,y0
0,0.005547111556721628,0.0019767605568873888
1,0.6829933996512182,7.039147451979469
2,0.5598213472704013,7.401888209269291
3,0.7445794258416235,7.111695603437432
4,0.4366492948895843,8.127369723848942
5,-7.348621906909287,9.460666410641545
6,-9.56349574500528,9.99009740010727
7,-10.43346186362396,9.652856270977896
8,-10.033991136346467,8.528704162505694
9,-10.07837677271063,8.267273439605182
10,-10.122762409074795,8.397988801055437
