nframe,x0,y0
0,0.005547111556721628,0.0019767605568873888
1,-4.25686074289429,-13.579696594727297
2,-2.857554922328716,-11.198958296488728
3,-0.44151273157849696,-12.565103201785481
4,0.3848854744316962,-13.355055904130772
5,1.5716926014215236,-11.561390000046345
6,1.208411602658789,-12.97497741159186
