nframe,x0,y0
0,0.005547111556721628,0.0019767605568873888
1,-0.9078477135601488,3.2299057346698365
2,-0.06752447445262366,3.100788575705319
3,-1.0174550925741743,2.9716714167408016
4,-0.46941819750404606,3.359022893634354
5,1.3837680642039631,-2.156513974085756
6,0.6751222936867007,-2.9356443647235584
7,0.013719574537262913,-3.1026008770030917
8,-0.12800957956619058,-2.991296535483403
9,-0.41146788777309246,-3.102600877003091
