nframe,x0,y0
0,0.005547111556721628,0.0019767605568873888
1,-2.709493792448894,1.8400859120370985
2,-4.794121645995562,10.345840850836376
3,-3.775354718199182,9.192641644570635
4,-2.9817497550549974,8.093728567696932
5,-2.3247174546723124,8.148014697088975
