nframe,x0,y0
0,0.005547111556721628,0.0019767605568873888
1,1.4106697869642635,-1.653253475557339
2,1.2099379761917615,-1.4956125006893162
3,1.879044012100106,-2.441458349897445
4,1.14302737260093,-1.574432988123327
5,-0.1282740956249558,-2.204996887595413
6,0.6077425438742485,-1.6532534755573378
7,-4.733866188552957,-2.528228331195578
8,-4.7169979477713,-2.587840540137596
9,-5.121835726531056,-1.9122355054614157
10,-5.44233230138253,-0.6206376450510737
11,-5.273649893565965,0.5119943248472236
