nframe,x0,y0
0,0.005547111556721628,0.0019767605568873888
1,2.1381592871365127,-12.559076507981253
2,1.9096651254672308,-12.559076507981253
3,-0.7179590277400034,-11.437761361149123
4,-3.5894230022271882,-10.477729705539353
5,-6.3008259998069445,-9.517698049929592
6,-8.243061597589218,-9.347251508685343
7,-9.240817088638769,-10.567396190218957
