nframe,x0,y0
0,0.005547111556721628,0.0019767605568873888
1,3.5199771551737804,-0.5574810634501014
2,-3.1407316445110833,-5.798825589929578
3,-1.381904494957901,-7.726137537050718
4,-1.8173430527872032,-7.170446799535595
5,-2.727704589483664,-6.620422230090126
6,-2.995056876298834,-4.133652458962001
7,-1.9811742847109324,-3.534593611794869
