nframe,x0,y0
0,0.005547111556721628,0.0019767605568873888
1,-0.2555369101001339,-6.226035946888457
2,-0.25553691010014784,-6.610481175743119
3,-0.2555369101001339,-6.610481175743111
4,-0.7777049534138452,-7.148704496139627
5,-0.2555369101001339,-7.225593541910553
6,0.9846121927699336,-8.225151136932645
7,-1.1351528296785642,-2.8778033040353375
8,-2.3791265923651235,-3.5250375143172823
9,-2.911042124218209,-3.452799851355392
10,-4.654851431443711,-2.2122554528830944
