nframe,x0,y0
0,0.005547111556721628,0.0019767605568873888
1,4.848540872369066,13.448041049303217
2,4.240265238016436,14.323820528239708
3,4.339536225042153,15.139883808965454
4,5.030890183642734,15.049476379053157
5,5.804608496381171,15.921098117029706
6,5.880641269427052,15.469933710169613
