nframe,x0,y0
0,0.005547111556721628,0.0019767605568873888
1,-0.07023000037856146,-1.8056436869583816
2,-0.07023000037856551,-1.9172251960642657
3,-0.07023000037856146,-1.9172251960642632
4,8.206709406278103,3.5019299918468088
5,9.265947559590058,1.875740329561998
6,11.311587567388116,1.2037537962525078
7,11.451378538821054,0.3576679074885125
8,11.883335412448531,-1.096919878015997
9,11.064491246707432,0.579864135479919
10,10.877168573087634,2.365732179407529
