nframe,x0,y0
0,0.005547111556721628,0.0019767605568873888
1,5.531729942309158,0.9319519833459565
2,4.670506644010066,1.523754397848092
3,4.670506644010081,2.538272822708895
4,4.88581246858484,1.9464704082067599
5,4.504412999734188,-1.4714870616922466
6,4.468382291191479,-1.4714870616922466
7,4.0840547334026205,-1.4007469533108345
8,2.7424219878674854,-0.6533163003695917
9,0.6954062054911375,0.4322871608585832
10,-0.1312504287343419,0.9536943949652654
11,0.430302582829837,1.6434981772434991
