nframe,x0,y0
0,0.005547111556721628,0.0019767605568873888
1,-0.9690392325939021,0.9638646574730151
2,-1.2061007757656745,0.8707787319650029
3,-1.6012033477186298,1.025921941145023
4,5.24606390996562,9.675521829402534
5,3.867535760150548,12.472507883787003
6,2.9485169936071536,15.111348578355468
7,1.646460836628644,16.396937634683688
