nframe,x0,y0
0,0.005547111556721628,0.0019767605568873888
1,0.7367040455948177,1.4998909232144402
2,1.2453349562300138,1.3500995069486859
3,1.3724926838888194,0.6385902796863465
4,-1.2011463514863288,12.97542795588741
5,-3.4830488926578216,12.294732566815133
6,-3.3588700871991426,13.972099063832852
7,-3.243301810911944,14.142176834426284
