nframe,x0,y0
0,0.005547111556721628,0.0019767605568873888
1,4.957378876730347,16.218195166295306
2,7.614921545258911,14.98850701753727
3,9.70527952772786,12.53066024266036
4,8.94845521120099,9.386820152453351
5,8.602298862849887,8.299430485597481
