nframe,x0,y0
0,426.0,200.0
1,426.57632505054625,194.27853307763698
2,430.7178606478886,201.50226004399045
3,430.7187773805478,201.50317677664972
4,430.718395519528,201.5027949156299
5,430.7171070188488,201.50150641495074
6,430.71854004804493,201.50293944414682
7,430.7195334754457,201.50393287154762
8,430.7203926116285,201.50479200773034
9,434.30770974305403,197.9544259086136
10,441.7801962158663,193.91389837710355
