nframe,x0,y0
0,1745.0,644.0
1,1745.5763250505463,638.278533077637
2,1749.7178606478885,645.5022600439904
3,1749.7187773805479,645.5031767766498
4,1749.718395519528,645.5027949156299
5,1749.7171070188488,645.5015064149508
6,1749.7185400480448,645.5029394441468
7,1749.7195334754458,645.5039328715476
8,1749.7203926116285,645.5047920077303
9,1753.3077097430541,641.9544259086136
10,1760.7801962158662,637.9138983771036
11,1760.3153183773734,635.1985920129346
12,1760.2669602204826,633.9685590174201
13,1757.8452463559404,633.3715695462208
14,1757.8440809196948,633.3704041099752
15,1757.8456734421802,633.3719966324608
16,1757.8464004149835,633.372723605264
