nframe,x0,y0
0,472.0,564.0
1,472.57632505054625,558.278533077637
2,476.7178606478886,565.5022600439904
3,476.7187773805478,565.5031767766498
4,476.718395519528,565.5027949156299
5,476.7171070188488,565.5015064149508
6,476.71854004804493,565.5029394441468
7,476.7195334754457,565.5039328715476
8,476.7203926116285,565.5047920077303
9,480.30770974305403,561.9544259086136
10,487.7801962158663,557.9138983771036
