nframe,x0,y0
0,918.0,559.0
1,918.5763250505463,553.278533077637
2,922.7178606478885,560.5022600439904
3,922.7187773805479,560.5031767766498
4,922.718395519528,560.5027949156299
