nframe,x0,y0
0,1040.0,832.0
1,1040.5763250505463,826.278533077637
2,1044.7178606478885,833.5022600439904
3,1044.7187773805479,833.5031767766498
4,1044.718395519528,833.5027949156299
5,1044.7171070188488,833.5015064149508
6,1044.7185400480448,833.5029394441468
7,1044.7195334754458,833.5039328715476
