nframe,x0,y0
0,274.0,751.0
1,274.57632505054625,745.278533077637
2,278.7178606478886,752.5022600439904
3,278.7187773805478,752.5031767766498
4,278.718395519528,752.5027949156299
5,278.7171070188488,752.5015064149508
6,278.71854004804493,752.5029394441468
7,278.7195334754457,752.5039328715476
8,278.7203926116285,752.5047920077303
9,282.30770974305403,748.9544259086136
10,289.7801962158663,744.9138983771036
11,289.3153183773735,742.1985920129346
12,289.26696022048253,740.9685590174201
13,286.8452463559403,740.3715695462208
14,286.84408091969476,740.3704041099752
15,286.84567344218027,740.3719966324608
16,286.8464004149835,740.372723605264
17,286.8481846347019,740.3745078249824
18,287.04891864111346,741.0003685570055
19,287.0479999441505,740.9994498600424
20,287.75287872783343,741.1148319159703
21,288.3167624726824,742.4339983778358
22,288.3185084729935,742.435744378147
23,287.61478725421466,742.164483832303
24,287.6376914766827,741.5128257165188
25,286.4622555732519,740.9634886452462
26,287.9084062132911,742.6185294215351
27,287.91064526276557,742.6207684710096
28,287.9109919454553,742.6211151536993
