nframe,x0,y0
0,306.0,128.0
1,306.57632505054625,122.278533077637
2,310.7178606478886,129.50226004399045
3,310.7187773805478,129.50317677664972
4,310.718395519528,129.5027949156299
5,310.7171070188488,129.50150641495074
6,310.71854004804493,129.50293944414682
7,310.7195334754457,129.50393287154762
8,310.7203926116285,129.50479200773034
9,314.30770974305403,125.95442590861359
10,321.7801962158663,121.91389837710354
11,321.3153183773735,119.19859201293455
