nframe,x0,y0
0,120.0,936.0
1,120.57632505054627,930.278533077637
2,124.71786064788857,937.5022600439904
3,124.71877738054782,937.5031767766498
4,124.718395519528,937.5027949156299
