nframe,x0,y0
0,808.0,180.0
1,808.5763250505463,174.27853307763698
2,812.7178606478885,181.50226004399045
3,812.7187773805479,181.50317677664972
4,812.718395519528,181.5027949156299
5,812.7171070188489,181.50150641495074
6,812.7185400480449,181.50293944414682
7,812.7195334754457,181.50393287154762
8,812.7203926116284,181.50479200773034
9,816.307709743054,177.9544259086136
10,823.7801962158663,173.91389837710355
