nframe,x0,y0
0,964.0,690.0
1,964.5763250505463,684.278533077637
2,968.7178606478885,691.5022600439904
3,968.7187773805479,691.5031767766498
4,968.718395519528,691.5027949156299
