nframe,x0,y0
0,1003.0,878.0
1,1003.5763250505463,872.278533077637
2,1007.7178606478885,879.5022600439904
3,1007.7187773805479,879.5031767766498
4,1007.718395519528,879.5027949156299
