nframe,x0,y0
0,274.0,751.0
1,274.57632505054625,745.278533077637
2,278.7178606478886,752.5022600439904
3,278.7187773805478,752.5031767766498
4,278.718395519528,752.5027949156299
