nframe,x0,y0
0,1016.0,302.0
1,1016.5763250505463,296.278533077637
2,1020.7178606478885,303.5022600439905
3,1020.7187773805479,303.5031767766497
4,1020.718395519528,303.50279491562986
5,1020.7171070188489,303.5015064149507
6,1020.7185400480449,303.5029394441468
7,1020.7195334754457,303.5039328715476
8,1020.7203926116284,303.5047920077304
9,1024.3077097430541,299.9544259086136
10,1031.7801962158662,295.9138983771035
