nframe,x0,y0
0,1084.0,969.0
1,1084.5763250505463,963.278533077637
2,1088.7178606478885,970.5022600439904
3,1088.7187773805479,970.5031767766498
4,1088.718395519528,970.5027949156299
5,1088.7171070188488,970.5015064149508
6,1088.7185400480448,970.5029394441468
7,1088.7195334754458,970.5039328715476
