nframe,x0,y0
0,143.0,546.0
1,143.57632505054627,540.278533077637
2,147.71786064788856,547.5022600439904
3,147.71877738054783,547.5031767766498
4,147.718395519528,547.5027949156299
5,147.71710701884885,547.5015064149508
6,147.71854004804493,547.5029394441468
7,147.71953347544573,547.5039328715476
8,147.72039261162845,547.5047920077303
9,151.30770974305406,543.9544259086136
10,158.78019621586628,539.9138983771036
