nframe,x0,y0
0,902.0,493.0
1,902.5763250505463,487.278533077637
2,906.7178606478885,494.5022600439905
3,906.7187773805479,494.5031767766497
4,906.718395519528,494.50279491562986
5,906.7171070188489,494.5015064149507
6,906.7185400480449,494.5029394441468
7,906.7195334754457,494.5039328715476
8,906.7203926116284,494.5047920077304
9,910.307709743054,490.9544259086136
10,917.7801962158663,486.9138983771035
11,917.3153183773735,484.19859201293457
