nframe,x0,y0
0,1656.0,1026.0
1,1656.5763250505463,1020.278533077637
2,1660.7178606478885,1027.5022600439904
3,1660.7187773805479,1027.5031767766498
4,1660.718395519528,1027.50279491563
5,1660.7171070188488,1027.5015064149507
6,1660.7185400480448,1027.5029394441467
7,1660.7195334754458,1027.5039328715477
8,1660.7203926116285,1027.5047920077304
9,1664.3077097430541,1023.9544259086136
10,1671.7801962158662,1019.9138983771036
11,1671.3153183773734,1017.1985920129346
12,1671.2669602204826,1015.9685590174201
13,1668.8452463559404,1015.3715695462208
14,1668.8440809196948,1015.3704041099752
15,1668.8456734421802,1015.3719966324608
16,1668.8464004149835,1015.372723605264
