nframe,x0,y0
0,434.0,120.0
1,434.57632505054625,114.278533077637
2,438.7178606478886,121.50226004399046
3,438.7187773805478,121.50317677664971
4,438.718395519528,121.50279491562989
