nframe,x0,y0
0,842.0,824.0
1,842.5763250505463,818.278533077637
2,846.7178606478885,825.5022600439904
3,846.7187773805479,825.5031767766498
4,846.718395519528,825.5027949156299
5,846.7171070188489,825.5015064149508
6,846.7185400480449,825.5029394441468
7,846.7195334754457,825.5039328715476
8,846.7203926116284,825.5047920077303
9,850.307709743054,821.9544259086136
10,857.7801962158663,817.9138983771036
11,857.3153183773735,815.1985920129346
12,857.2669602204826,813.9685590174201
