nframe,x0,y0
0,1066.0,802.0
1,1066.5763250505463,796.278533077637
2,1070.7178606478885,803.5022600439904
3,1070.7187773805479,803.5031767766498
4,1070.718395519528,803.5027949156299
5,1070.7171070188488,803.5015064149508
6,1070.7185400480448,803.5029394441468
7,1070.7195334754458,803.5039328715476
