nframe,x0,y0
0,1860.0,616.0
1,1860.5763250505463,610.278533077637
2,1864.7178606478885,617.5022600439904
3,1864.7187773805479,617.5031767766498
4,1864.718395519528,617.5027949156299
5,1864.7171070188488,617.5015064149508
6,1864.7185400480448,617.5029394441468
7,1864.7195334754458,617.5039328715476
8,1864.7203926116285,617.5047920077303
9,1868.3077097430541,613.9544259086136
10,1875.7801962158662,609.9138983771036
