nframe,x0,y0
0,939.0,908.0
1,939.5763250505463,902.278533077637
2,943.7178606478885,909.5022600439904
3,943.7187773805479,909.5031767766498
4,943.718395519528,909.5027949156299
5,943.7171070188489,909.5015064149508
6,943.7185400480449,909.5029394441468
7,943.7195334754457,909.5039328715476
8,943.7203926116284,909.5047920077303
9,947.307709743054,905.9544259086136
10,954.7801962158663,901.9138983771036
11,954.3153183773735,899.1985920129346
12,954.2669602204826,897.9685590174201
