nframe,x0,y0
0,1066.0,802.0
1,1066.5763250505463,796.278533077637
2,1070.7178606478885,803.5022600439904
3,1070.7187773805479,803.5031767766498
4,1070.718395519528,803.5027949156299
5,1070.7171070188488,803.5015064149508
6,1070.7185400480448,803.5029394441468
7,1070.7195334754458,803.5039328715476
8,1070.7203926116285,803.5047920077303
9,1074.3077097430541,799.9544259086136
10,1081.7801962158662,795.9138983771036
11,1081.3153183773734,793.1985920129346
12,1081.2669602204826,791.9685590174201
13,1078.8452463559404,791.3715695462208
14,1078.8440809196948,791.3704041099752
15,1078.8456734421802,791.3719966324608
16,1078.8464004149835,791.372723605264
