nframe,x0,y0
0,474.0,1068.0
1,474.57632505054625,1062.278533077637
2,478.7178606478886,1069.5022600439904
3,478.7187773805478,1069.5031767766498
4,478.718395519528,1069.50279491563
5,478.7171070188488,1069.5015064149507
6,478.71854004804493,1069.5029394441467
7,478.7195334754457,1069.5039328715477
8,478.7203926116285,1069.5047920077304
9,482.30770974305403,1065.9544259086135
10,489.7801962158663,1061.9138983771036
11,489.3153183773735,1059.1985920129346
