nframe,x0,y0
0,1471.0,570.0
1,1471.5763250505463,564.278533077637
2,1475.7178606478885,571.5022600439904
3,1475.7187773805479,571.5031767766498
4,1475.718395519528,571.5027949156299
5,1475.7171070188488,571.5015064149508
6,1475.7185400480448,571.5029394441468
7,1475.7195334754458,571.5039328715476
