nframe,x0,y0
0,808.0,180.0
1,808.5763250505463,174.27853307763698
2,812.7178606478885,181.50226004399045
3,812.7187773805479,181.50317677664972
4,812.718395519528,181.5027949156299
