nframe,x0,y0
0,472.0,564.0
1,472.57632505054625,558.278533077637
2,476.7178606478886,565.5022600439904
3,476.7187773805478,565.5031767766498
4,476.718395519528,565.5027949156299
