nframe,x0,y0
0,902.0,493.0
1,902.5763250505463,487.278533077637
2,906.7178606478885,494.5022600439905
3,906.7187773805479,494.5031767766497
4,906.718395519528,494.50279491562986
