nframe,x0,y0
0,1080.0,300.0
1,1080.5763250505463,294.278533077637
2,1084.7178606478885,301.5022600439905
3,1084.7187773805479,301.5031767766497
4,1084.718395519528,301.50279491562986
5,1084.7171070188488,301.5015064149507
6,1084.7185400480448,301.5029394441468
7,1084.7195334754458,301.5039328715476
8,1084.7203926116285,301.5047920077304
9,1088.3077097430541,297.9544259086136
10,1095.7801962158662,293.9138983771035
11,1095.3153183773734,291.19859201293457
