nframe,x0,y0
0,1313.0,703.0
1,1313.5763250505463,697.278533077637
2,1317.7178606478885,704.5022600439904
3,1317.7187773805479,704.5031767766498
4,1317.718395519528,704.5027949156299
