nframe,x0,y0
0,1138.0,463.0
1,1138.5763250505463,457.278533077637
2,1142.7178606478885,464.5022600439905
3,1142.7187773805479,464.5031767766497
4,1142.718395519528,464.50279491562986
5,1142.7171070188488,464.5015064149507
6,1142.7185400480448,464.5029394441468
7,1142.7195334754458,464.5039328715476
