nframe,x0,y0
0,838.0,399.0
1,838.5763250505463,393.278533077637
2,842.7178606478885,400.5022600439905
3,842.7187773805479,400.5031767766497
4,842.718395519528,400.50279491562986
5,842.7171070188489,400.5015064149507
6,842.7185400480449,400.5029394441468
7,842.7195334754457,400.5039328715476
