nframe,x0,y0
0,74.0,633.0
1,74.57632505054627,627.278533077637
2,78.71786064788857,634.5022600439904
3,78.71877738054782,634.5031767766498
4,78.718395519528,634.5027949156299
5,78.71710701884885,634.5015064149508
6,78.71854004804493,634.5029394441468
7,78.71953347544571,634.5039328715476
