nframe,x0,y0
0,39.0,223.0
1,39.57632505054627,217.27853307763698
2,43.71786064788857,224.50226004399045
3,43.71877738054783,224.50317677664972
4,43.718395519528,224.5027949156299
5,43.71710701884884,224.50150641495074
6,43.71854004804492,224.50293944414682
7,43.71953347544572,224.50393287154762
8,43.72039261162847,224.50479200773034
9,47.307709743054055,220.9544259086136
10,54.78019621586628,216.91389837710355
11,54.3153183773735,214.19859201293454
