nframe,x0,y0
0,1009.0,408.0
1,1009.5763250505463,402.278533077637
2,1013.7178606478885,409.5022600439905
3,1013.7187773805479,409.5031767766497
4,1013.718395519528,409.50279491562986
5,1013.7171070188489,409.5015064149507
6,1013.7185400480449,409.5029394441468
7,1013.7195334754457,409.5039328715476
8,1013.7203926116284,409.5047920077304
9,1017.307709743054,405.9544259086136
10,1024.7801962158662,401.9138983771035
