nframe,x0,y0
0,1016.0,302.0
1,1016.5763250505463,296.278533077637
2,1020.7178606478885,303.5022600439905
3,1020.7187773805479,303.5031767766497
4,1020.718395519528,303.50279491562986
