nframe,x0,y0
0,1362.0,396.0
1,1362.5763250505463,390.278533077637
2,1366.7178606478885,397.5022600439905
3,1366.7187773805479,397.5031767766497
4,1366.718395519528,397.50279491562986
5,1366.7171070188488,397.5015064149507
6,1366.7185400480448,397.5029394441468
7,1366.7195334754458,397.5039328715476
8,1366.7203926116285,397.5047920077304
9,1370.3077097430541,393.9544259086136
10,1377.7801962158662,389.9138983771035
11,1377.3153183773734,387.19859201293457
