nframe,x0,y0
0,426.0,200.0
1,426.57632505054625,194.27853307763698
2,430.7178606478886,201.50226004399045
3,430.7187773805478,201.50317677664972
4,430.718395519528,201.5027949156299
