nframe,x0,y0
0,562.0,718.0
1,562.5763250505463,712.278533077637
2,566.7178606478885,719.5022600439904
3,566.7187773805479,719.5031767766498
4,566.718395519528,719.5027949156299
5,566.7171070188489,719.5015064149508
6,566.7185400480449,719.5029394441468
7,566.7195334754457,719.5039328715476
