nframe,x0,y0
0,1003.0,878.0
1,1003.5763250505463,872.278533077637
2,1007.7178606478885,879.5022600439904
3,1007.7187773805479,879.5031767766498
4,1007.718395519528,879.5027949156299
5,1007.7171070188489,879.5015064149508
6,1007.7185400480449,879.5029394441468
7,1007.7195334754457,879.5039328715476
8,1007.7203926116284,879.5047920077303
9,1011.307709743054,875.9544259086136
10,1018.7801962158663,871.9138983771036
11,1018.3153183773735,869.1985920129346
12,1018.2669602204826,867.9685590174201
