nframe,x0,y0
0,126.0,652.0
1,126.57632505054627,646.278533077637
2,130.71786064788856,653.5022600439904
3,130.71877738054783,653.5031767766498
4,130.718395519528,653.5027949156299
5,130.71710701884885,653.5015064149508
6,130.71854004804493,653.5029394441468
7,130.71953347544573,653.5039328715476
