nframe,x0,y0
0,781.0,570.0
1,781.5763250505463,564.278533077637
2,785.7178606478885,571.5022600439904
3,785.7187773805479,571.5031767766498
4,785.718395519528,571.5027949156299
5,785.7171070188489,571.5015064149508
6,785.7185400480449,571.5029394441468
7,785.7195334754457,571.5039328715476
8,785.7203926116284,571.5047920077303
9,789.307709743054,567.9544259086136
10,796.7801962158663,563.9138983771036
11,796.3153183773735,561.1985920129346
