nframe,x0,y0
0,916.0,230.0
1,916.5763250505463,224.27853307763698
2,920.7178606478885,231.50226004399045
3,920.7187773805479,231.50317677664972
4,920.718395519528,231.5027949156299
