nframe,x0,y0
0,918.0,559.0
1,918.5763250505463,553.278533077637
2,922.7178606478885,560.5022600439904
3,922.7187773805479,560.5031767766498
4,922.718395519528,560.5027949156299
5,922.7171070188489,560.5015064149508
6,922.7185400480449,560.5029394441468
7,922.7195334754457,560.5039328715476
8,922.7203926116284,560.5047920077303
9,926.307709743054,556.9544259086136
10,933.7801962158663,552.9138983771036
11,933.3153183773735,550.1985920129346
