nframe,x0,y0
0,1066.0,802.0
1,1066.5763250505463,796.278533077637
2,1070.7178606478885,803.5022600439904
3,1070.7187773805479,803.5031767766498
4,1070.718395519528,803.5027949156299
