nframe,x0,y0
0,781.0,570.0
1,781.5763250505463,564.278533077637
2,785.7178606478885,571.5022600439904
3,785.7187773805479,571.5031767766498
4,785.718395519528,571.5027949156299
