nframe,x0,y0
0,454.0,573.0
1,454.57632505054625,567.278533077637
2,458.7178606478886,574.5022600439904
3,458.7187773805478,574.5031767766498
4,458.718395519528,574.5027949156299
