nframe,x0,y0
0,1031.0,896.0
1,1031.5763250505463,890.278533077637
2,1035.7178606478885,897.5022600439904
3,1035.7187773805479,897.5031767766498
4,1035.718395519528,897.5027949156299
5,1035.7171070188488,897.5015064149508
6,1035.7185400480448,897.5029394441468
7,1035.7195334754458,897.5039328715476
8,1035.7203926116285,897.5047920077303
9,1039.3077097430541,893.9544259086136
10,1046.7801962158662,889.9138983771036
11,1046.3153183773734,887.1985920129346
