nframe,x0,y0
0,523.0,158.0
1,523.5763250505463,152.27853307763698
2,527.7178606478885,159.50226004399045
3,527.7187773805479,159.50317677664972
4,527.718395519528,159.5027949156299
5,527.7171070188489,159.50150641495074
6,527.7185400480449,159.50293944414682
7,527.7195334754457,159.50393287154762
