nframe,x0,y0
0,1652.0,400.0
1,1652.5763250505463,394.278533077637
2,1656.7178606478885,401.5022600439905
3,1656.7187773805479,401.5031767766497
4,1656.718395519528,401.50279491562986
