nframe,x0,y0
0,780.0,362.0
1,780.5763250505463,356.278533077637
2,784.7178606478885,363.5022600439905
3,784.7187773805479,363.5031767766497
4,784.718395519528,363.50279491562986
5,784.7171070188489,363.5015064149507
6,784.7185400480449,363.5029394441468
7,784.7195334754457,363.5039328715476
