nframe,x0,y0
0,364.0,110.0
1,364.57632505054625,104.278533077637
2,368.7178606478886,111.50226004399046
3,368.7187773805478,111.50317677664971
4,368.718395519528,111.50279491562989
5,368.7171070188488,111.50150641495073
6,368.71854004804493,111.5029394441468
7,368.7195334754457,111.5039328715476
8,368.7203926116285,111.50479200773036
9,372.30770974305403,107.95442590861359
10,379.7801962158663,103.91389837710354
11,379.3153183773735,101.19859201293455
