nframe,x0,y0
0,1745.0,644.0
1,1745.5763250505463,638.278533077637
2,1749.7178606478885,645.5022600439904
3,1749.7187773805479,645.5031767766498
4,1749.718395519528,645.5027949156299
5,1749.7171070188488,645.5015064149508
6,1749.7185400480448,645.5029394441468
7,1749.7195334754458,645.5039328715476
8,1749.7203926116285,645.5047920077303
9,1753.3077097430541,641.9544259086136
10,1760.7801962158662,637.9138983771036
