nframe,x0,y0
0,908.0,841.0
1,908.5763250505463,835.278533077637
2,912.7178606478885,842.5022600439904
3,912.7187773805479,842.5031767766498
4,912.718395519528,842.5027949156299
5,912.7171070188489,842.5015064149508
6,912.7185400480449,842.5029394441468
7,912.7195334754457,842.5039328715476
8,912.7203926116284,842.5047920077303
9,916.307709743054,838.9544259086136
10,923.7801962158663,834.9138983771036
11,923.3153183773735,832.1985920129346
