nframe,x0,y0
0,120.0,936.0
1,120.57632505054627,930.278533077637
2,124.71786064788857,937.5022600439904
3,124.71877738054782,937.5031767766498
4,124.718395519528,937.5027949156299
5,124.71710701884885,937.5015064149508
6,124.71854004804493,937.5029394441468
7,124.71953347544571,937.5039328715476
8,124.72039261162847,937.5047920077303
9,128.30770974305406,933.9544259086136
10,135.78019621586628,929.9138983771036
11,135.3153183773735,927.1985920129346
12,135.26696022048253,925.9685590174201
