nframe,x0,y0
0,1745.0,644.0
1,1745.5763250505463,638.278533077637
2,1749.7178606478885,645.5022600439904
3,1749.7187773805479,645.5031767766498
4,1749.718395519528,645.5027949156299
