nframe,x0,y0
0,864.0,318.0
1,864.5763250505463,312.278533077637
2,868.7178606478885,319.5022600439905
3,868.7187773805479,319.5031767766497
4,868.718395519528,319.50279491562986
