nframe,x0,y0
0,455.0,1024.0
1,455.57632505054625,1018.278533077637
2,459.7178606478886,1025.5022600439904
3,459.7187773805478,1025.5031767766498
4,459.718395519528,1025.50279491563
5,459.7171070188488,1025.5015064149507
6,459.71854004804493,1025.5029394441467
7,459.7195334754457,1025.5039328715477
8,459.7203926116285,1025.5047920077304
9,463.30770974305403,1021.9544259086136
10,470.7801962158663,1017.9138983771036
11,470.3153183773735,1015.1985920129346
12,470.26696022048253,1013.9685590174201
