nframe,x0,y0
0,1031.0,896.0
1,1031.5763250505463,890.278533077637
2,1035.7178606478885,897.5022600439904
3,1035.7187773805479,897.5031767766498
4,1035.718395519528,897.5027949156299
