nframe,x0,y0
0,39.0,223.0
1,39.57632505054627,217.27853307763698
2,43.71786064788857,224.50226004399045
3,43.71877738054783,224.50317677664972
4,43.718395519528,224.5027949156299
