nframe,x0,y0
0,864.0,318.0
1,864.5763250505463,312.278533077637
2,868.7178606478885,319.5022600439905
3,868.7187773805479,319.5031767766497
4,868.718395519528,319.50279491562986
5,868.7171070188489,319.5015064149507
6,868.7185400480449,319.5029394441468
7,868.7195334754457,319.5039328715476
8,868.7203926116284,319.5047920077304
9,872.307709743054,315.9544259086136
10,879.7801962158663,311.9138983771035
