nframe,x0,y0
0,1860.0,616.0
1,1860.5763250505463,610.278533077637
2,1864.7178606478885,617.5022600439904
3,1864.7187773805479,617.5031767766498
4,1864.718395519528,617.5027949156299
