nframe,x0,y0
0,143.0,546.0
1,143.57632505054627,540.278533077637
2,147.71786064788856,547.5022600439904
3,147.71877738054783,547.5031767766498
4,147.718395519528,547.5027949156299
