nframe,x0,y0
0,916.0,230.0
1,916.5763250505463,224.27853307763698
2,920.7178606478885,231.50226004399045
3,920.7187773805479,231.50317677664972
4,920.718395519528,231.5027949156299
5,920.7171070188489,231.50150641495074
6,920.7185400480449,231.50293944414682
7,920.7195334754457,231.50393287154762
8,920.7203926116284,231.50479200773034
9,924.307709743054,227.9544259086136
10,931.7801962158663,223.91389837710355
11,931.3153183773735,221.19859201293454
