nframe,x0,y0
0,1080.0,300.0
1,1080.5763250505463,294.278533077637
2,1084.7178606478885,301.5022600439905
3,1084.7187773805479,301.5031767766497
4,1084.718395519528,301.50279491562986
