nframe,x0,y0
0,1570.0,770.0
1,1570.5763250505463,764.278533077637
2,1574.7178606478885,771.5022600439904
3,1574.7187773805479,771.5031767766498
4,1574.718395519528,771.5027949156299
5,1574.7171070188488,771.5015064149508
6,1574.7185400480448,771.5029394441468
7,1574.7195334754458,771.5039328715476
8,1574.7203926116285,771.5047920077303
9,1578.3077097430541,767.9544259086136
10,1585.7801962158662,763.9138983771036
11,1585.3153183773734,761.1985920129346
12,1585.2669602204826,759.9685590174201
