nframe,x0,y0
0,1259.0,1012.0
1,1259.5763250505463,1006.278533077637
2,1263.7178606478885,1013.5022600439904
3,1263.7187773805479,1013.5031767766498
4,1263.718395519528,1013.5027949156299
