nframe,x0,y0
0,1150.0,578.0
1,1150.5763250505463,572.278533077637
2,1154.7178606478885,579.5022600439904
3,1154.7187773805479,579.5031767766498
4,1154.718395519528,579.5027949156299
5,1154.7171070188488,579.5015064149508
6,1154.7185400480448,579.5029394441468
7,1154.7195334754458,579.5039328715476
8,1154.7203926116285,579.5047920077303
9,1158.3077097430541,575.9544259086136
10,1165.7801962158662,571.9138983771036
11,1165.3153183773734,569.1985920129346
12,1165.2669602204826,567.9685590174201
