nframe,x0,y0
0,964.0,690.0
1,964.5763250505463,684.278533077637
2,968.7178606478885,691.5022600439904
3,968.7187773805479,691.5031767766498
4,968.718395519528,691.5027949156299
5,968.7171070188489,691.5015064149508
6,968.7185400480449,691.5029394441468
7,968.7195334754457,691.5039328715476
