nframe,x0,y0
0,349.0,46.0
1,378.61174148667027,70.94707109623752
2,383.4461631007411,73.57368491720065
3,383.44695047512676,73.57128605703375
4,383.4401125974921,73.57479516287191
5,383.42972223137997,73.58383208540852
6,383.43166510007643,73.57759816343793
7,383.43425993431003,73.57592539014946
8,383.4356186987709,73.57450908135776
9,383.4384629677205,73.57345820158199
10,383.442497212314,73.57332884220274
11,383.44362828875535,73.57188803813575
12,382.9304785977039,72.5806484501994
13,380.6819723550955,73.11567383650569
14,380.6743433276856,73.12576580171151
15,380.6767775181511,73.11845359769669
16,380.67877805224924,73.1187616684301
17,380.6843102456045,73.11213970925928
18,381.11176206797774,73.61025818675294
19,381.1061720084241,73.61969507010593
20,381.7538891000439,73.47095556792134
21,382.75863592210567,74.41357810646775
22,382.76226210526005,74.40579799020637
23,382.0792420638993,74.50873023183786
24,381.85389948901286,73.98427404522778
25,380.66660973248236,74.04397635066286
26,382.54182587403454,74.9093724328674
27,382.5505788338485,74.90111692214134
28,382.5499636657713,74.90285200643427
29,382.5538781162863,74.8999043864404
