nframe,x0,y0
0,978.0,422.0
1,1007.6117414866702,446.94707109623755
2,1012.4461631007412,449.57368491720064
3,1012.4469504751268,449.5712860570337
4,1012.4401125974921,449.5747951628719
5,1012.42972223138,449.5838320854085
6,1012.4316651000764,449.5775981634379
