nframe,x0,y0
0,1722.0,444.0
1,1751.6117414866703,468.94707109623755
2,1756.4461631007412,471.57368491720064
3,1756.4469504751269,471.5712860570337
4,1756.440112597492,471.5747951628719
5,1756.4297222313799,471.5838320854085
6,1756.4316651000763,471.5775981634379
