nframe,x0,y0
0,947.0,879.0
1,976.6117414866724,903.9470710962393
2,981.4461631007441,906.5736849172037
3,981.4469504751297,906.5712860570368
4,981.440112597495,906.5747951628749
5,981.4297222313829,906.5838320854116
6,981.4316651000794,906.5775981634409
7,981.434259934313,906.5759253901525
8,981.4356186987739,906.5745090813608
9,981.4384629677235,906.573458201585
10,981.442497212317,906.5733288422058
11,981.4436282887583,906.5718880381388
12,980.9304785977045,905.5806484502026
13,978.6819723550955,906.115673836514
14,978.6743433276856,906.1257658017198
15,978.6767775181511,906.1184535977051
16,978.6787780522492,906.1187616684384
17,978.6843102456045,906.1121397092676
18,979.1117620679793,906.6102581867608
19,979.1061720084257,906.6196950701138
20,979.7538891000459,906.4709555679277
21,980.7586359221107,907.4135781064729
22,980.762262105265,907.4057979902115
23,980.0792420639041,907.5087302318444
24,979.8538994890165,906.9842740452343
25,978.6666097324853,907.0439763506719
26,980.5418258740411,907.9093724328733
27,980.5505788338551,907.9011169221473
28,980.5499636657779,907.9028520064402
29,980.5538781162928,907.8999043864462
