nframe,x0,y0
0,1393.0,1015.0
1,1422.6117414866724,1039.9470710962391
2,1427.4461631007441,1042.5736849172038
3,1427.4469504751298,1042.5712860570368
4,1427.440112597495,1042.574795162875
5,1427.4297222313828,1042.5838320854116
6,1427.4316651000793,1042.577598163441
