nframe,x0,y0
0,890.0,344.0
1,919.6117414866702,368.94707109623755
2,924.4461631007412,371.57368491720064
3,924.4469504751268,371.5712860570337
4,924.4401125974921,371.5747951628719
5,924.42972223138,371.5838320854085
6,924.4316651000764,371.5775981634379
7,924.43425993431,371.57592539014945
8,924.4356186987709,371.57450908135775
9,924.4384629677205,371.57345820158196
10,924.442497212314,371.5733288422027
