nframe,x0,y0
0,740.0,538.0
1,769.6117414866702,562.9470710962376
2,774.4461631007412,565.5736849172007
3,774.4469504751268,565.5712860570337
4,774.4401125974921,565.5747951628719
5,774.42972223138,565.5838320854085
6,774.4316651000764,565.5775981634379
7,774.43425993431,565.5759253901495
8,774.4356186987709,565.5745090813577
9,774.4384629677205,565.573458201582
10,774.442497212314,565.5733288422027
