nframe,x0,y0
0,266.0,424.0
1,295.61174148667027,448.94707109623755
2,300.4461631007411,451.57368491720064
3,300.44695047512676,451.5712860570337
4,300.4401125974921,451.5747951628719
5,300.42972223137997,451.5838320854085
6,300.43166510007643,451.5775981634379
7,300.43425993431003,451.57592539014945
8,300.4356186987709,451.57450908135775
9,300.4384629677205,451.57345820158196
10,300.442497212314,451.5733288422027
11,300.44362828875535,451.57188803813574
