nframe,x0,y0
0,576.0,354.0
1,605.6117414866702,378.94707109623755
2,610.4461631007412,381.57368491720064
3,610.4469504751268,381.5712860570337
4,610.4401125974921,381.5747951628719
5,610.42972223138,381.5838320854085
6,610.4316651000764,381.5775981634379
7,610.43425993431,381.57592539014945
8,610.4356186987709,381.57450908135775
9,610.4384629677205,381.57345820158196
10,610.442497212314,381.5733288422027
11,610.4436282887553,381.57188803813574
12,609.9304785977039,380.5806484501994
13,607.6819723550956,381.11567383650566
14,607.6743433276856,381.1257658017115
15,607.6767775181511,381.1184535976967
16,607.6787780522492,381.11876166843007
17,607.6843102456045,381.1121397092593
18,608.1117620679777,381.61025818675296
19,608.1061720084241,381.61969507010593
20,608.7538891000439,381.47095556792135
21,609.7586359221057,382.41357810646775
22,609.76226210526,382.4057979902064
23,609.0792420638993,382.50873023183783
24,608.8538994890129,381.9842740452278
25,607.6666097324824,382.0439763506629
26,609.5418258740345,382.9093724328674
27,609.5505788338485,382.90111692214134
28,609.5499636657713,382.9028520064343
29,609.5538781162862,382.89990438644037
30,609.5563046990692,382.8954988735732
31,609.0343140083725,383.6574793285074
32,609.3608330959185,384.0682256475175
33,608.2842551830381,384.02422110277934
34,608.8301411147985,383.8469469311683
35,608.8181249940706,383.86133616006094
36,608.8190905758001,383.6728205690111
37,609.1289616283239,383.4893595001255
38,609.188238183937,383.78038258955644
39,609.733203164898,384.88003016903315
