nframe,x0,y0
0,952.0,964.0
1,981.6117414866702,988.9470710962376
2,986.4461631007412,991.5736849172007
3,986.4469504751268,991.5712860570337
4,986.4401125974921,991.5747951628719
5,986.42972223138,991.5838320854085
6,986.4316651000764,991.5775981634379
7,986.43425993431,991.5759253901495
8,986.4356186987709,991.5745090813577
9,986.4384629677205,991.573458201582
10,986.442497212314,991.5733288422027
