nframe,x0,y0
0,947.0,879.0
1,976.6117414866702,903.9470710962376
2,981.4461631007412,906.5736849172007
3,981.4469504751268,906.5712860570337
4,981.4401125974921,906.5747951628719
5,981.42972223138,906.5838320854085
6,981.4316651000764,906.5775981634379
7,981.43425993431,906.5759253901495
8,981.4356186987709,906.5745090813577
9,981.4384629677205,906.573458201582
10,981.442497212314,906.5733288422027
11,981.4436282887553,906.5718880381357
12,980.9304785977039,905.5806484501994
13,978.6819723550956,906.1156738365057
14,978.6743433276856,906.1257658017115
15,978.6767775181511,906.1184535976967
16,978.6787780522492,906.1187616684301
17,978.6843102456045,906.1121397092593
18,979.1117620679777,906.610258186753
