nframe,x0,y0
0,984.0,758.0
1,1013.6117414866702,782.9470710962376
2,1018.4461631007412,785.5736849172007
3,1018.4469504751268,785.5712860570337
4,1018.4401125974921,785.5747951628719
5,1018.42972223138,785.5838320854085
6,1018.4316651000764,785.5775981634379
