nframe,x0,y0
0,1272.0,1050.0
1,1301.6117414866724,1074.9470710962391
2,1306.4461631007441,1077.5736849172038
3,1306.4469504751298,1077.5712860570368
4,1306.440112597495,1077.574795162875
5,1306.4297222313828,1077.5838320854116
6,1306.4316651000793,1077.577598163441
