nframe,x0,y0
0,349.0,46.0
1,378.61174148667027,70.94707109623752
2,383.4461631007411,73.57368491720065
3,383.44695047512676,73.57128605703375
4,383.4401125974921,73.57479516287191
5,383.42972223137997,73.58383208540852
6,383.43166510007643,73.57759816343793
