nframe,x0,y0
0,979.0,523.0
1,1008.6117414866724,547.9470710962393
2,1013.4461631007441,550.5736849172037
3,1013.4469504751297,550.5712860570368
4,1013.440112597495,550.5747951628749
5,1013.4297222313829,550.5838320854116
6,1013.4316651000794,550.5775981634409
7,1013.434259934313,550.5759253901525
8,1013.4356186987739,550.5745090813608
9,1013.4384629677235,550.573458201585
10,1013.442497212317,550.5733288422058
11,1013.4436282887583,550.5718880381388
12,1012.9304785977045,549.5806484502026
13,1010.6819723550955,550.115673836514
14,1010.6743433276856,550.1257658017198
15,1010.6767775181511,550.1184535977051
