nframe,x0,y0
0,1312.0,910.0
1,1341.6117414866724,934.9470710962393
2,1346.4461631007441,937.5736849172037
3,1346.4469504751298,937.5712860570368
4,1346.440112597495,937.5747951628749
5,1346.4297222313828,937.5838320854116
6,1346.4316651000793,937.5775981634409
7,1346.434259934313,937.5759253901525
8,1346.4356186987739,937.5745090813608
9,1346.4384629677234,937.573458201585
10,1346.442497212317,937.5733288422058
11,1346.4436282887582,937.5718880381388
