nframe,x0,y0
0,1126.0,728.0
1,1155.6117414866724,752.9470710962393
2,1160.4461631007441,755.5736849172037
3,1160.4469504751298,755.5712860570368
4,1160.440112597495,755.5747951628749
5,1160.4297222313828,755.5838320854116
6,1160.4316651000793,755.5775981634409
7,1160.434259934313,755.5759253901525
8,1160.4356186987739,755.5745090813608
9,1160.4384629677234,755.573458201585
10,1160.442497212317,755.5733288422058
11,1160.4436282887582,755.5718880381388
12,1159.9304785977045,754.5806484502026
13,1157.6819723550955,755.115673836514
14,1157.6743433276856,755.1257658017198
15,1157.676777518151,755.1184535977051
