nframe,x0,y0
0,1655.0,576.0
1,1684.6117414866703,600.9470710962376
2,1689.4461631007412,603.5736849172007
3,1689.4469504751269,603.5712860570337
4,1689.440112597492,603.5747951628719
5,1689.4297222313799,603.5838320854085
6,1689.4316651000763,603.5775981634379
