nframe,x0,y0
0,807.0,383.0
1,836.6117414866724,407.9470710962392
2,841.4461631007441,410.5736849172037
3,841.4469504751297,410.5712860570368
4,841.440112597495,410.5747951628749
5,841.4297222313829,410.5838320854116
6,841.4316651000794,410.57759816344094
7,841.434259934313,410.5759253901525
8,841.4356186987739,410.5745090813608
9,841.4384629677235,410.573458201585
10,841.442497212317,410.5733288422058
11,841.4436282887583,410.5718880381388
