nframe,x0,y0
0,1826.0,1033.0
1,1855.6117414866724,1057.9470710962391
2,1860.4461631007441,1060.5736849172038
3,1860.4469504751298,1060.5712860570368
4,1860.440112597495,1060.574795162875
5,1860.4297222313828,1060.5838320854116
6,1860.4316651000793,1060.577598163441
7,1860.434259934313,1060.5759253901524
8,1860.4356186987739,1060.5745090813607
9,1860.4384629677234,1060.573458201585
10,1860.442497212317,1060.5733288422057
11,1860.4436282887582,1060.5718880381387
12,1859.9304785977045,1059.5806484502027
13,1857.6819723550955,1060.1156738365141
14,1857.6743433276856,1060.1257658017198
15,1857.676777518151,1060.118453597705
