nframe,x0,y0
0,740.0,538.0
1,769.6117414866724,562.9470710962393
2,774.4461631007441,565.5736849172037
3,774.4469504751297,565.5712860570368
4,774.440112597495,565.5747951628749
5,774.4297222313829,565.5838320854116
6,774.4316651000794,565.5775981634409
