nframe,x0,y0
0,210.0,339.0
1,239.6117414866724,363.9470710962392
2,244.44616310074406,366.5736849172037
3,244.4469504751297,366.5712860570368
4,244.44011259749502,366.5747951628749
5,244.42972223138293,366.5838320854116
6,244.43166510007936,366.57759816344094
7,244.434259934313,366.5759253901525
8,244.43561869877385,366.5745090813608
9,244.43846296772344,366.573458201585
10,244.44249721231694,366.5733288422058
11,244.44362828875828,366.5718880381388
