nframe,x0,y0
0,979.0,523.0
1,1008.6117414866724,547.9470710962393
2,1013.4461631007441,550.5736849172037
3,1013.4469504751297,550.5712860570368
4,1013.440112597495,550.5747951628749
5,1013.4297222313829,550.5838320854116
6,1013.4316651000794,550.5775981634409
