nframe,x0,y0
0,1170.0,984.0
1,1199.6117414866724,1008.9470710962393
2,1204.4461631007441,1011.5736849172037
3,1204.4469504751298,1011.5712860570368
4,1204.440112597495,1011.5747951628749
5,1204.4297222313828,1011.5838320854116
6,1204.4316651000793,1011.5775981634409
