nframe,x0,y0
0,1644.0,834.0
1,1673.6117414866703,858.9470710962376
2,1678.4461631007412,861.5736849172007
3,1678.4469504751269,861.5712860570337
4,1678.440112597492,861.5747951628719
5,1678.4297222313799,861.5838320854085
6,1678.4316651000763,861.5775981634379
7,1678.4342599343101,861.5759253901495
8,1678.435618698771,861.5745090813577
9,1678.4384629677204,861.573458201582
10,1678.442497212314,861.5733288422027
