nframe,x0,y0
0,1393.0,1015.0
1,1422.6117414866703,1039.9470710962376
2,1427.4461631007412,1042.5736849172006
3,1427.4469504751269,1042.5712860570338
4,1427.440112597492,1042.5747951628719
5,1427.4297222313799,1042.5838320854086
6,1427.4316651000763,1042.5775981634379
