nframe,x0,y0
0,1076.0,790.0
1,1105.6117414866703,814.9470710962376
2,1110.4461631007412,817.5736849172007
3,1110.4469504751269,817.5712860570337
4,1110.440112597492,817.5747951628719
5,1110.4297222313799,817.5838320854085
6,1110.4316651000763,817.5775981634379
7,1110.4342599343101,817.5759253901495
8,1110.435618698771,817.5745090813577
9,1110.4384629677204,817.573458201582
10,1110.442497212314,817.5733288422027
11,1110.4436282887552,817.5718880381357
