nframe,x0,y0
0,1014.0,784.0
1,1043.6117414866703,808.9470710962376
2,1048.4461631007412,811.5736849172007
3,1048.4469504751269,811.5712860570337
4,1048.440112597492,811.5747951628719
5,1048.4297222313799,811.5838320854085
6,1048.4316651000763,811.5775981634379
