nframe,x0,y0
0,152.0,488.0
1,181.61174148667024,512.9470710962376
2,186.44616310074113,515.5736849172007
3,186.44695047512678,515.5712860570337
4,186.4401125974921,515.5747951628719
5,186.42972223137997,515.5838320854085
6,186.4316651000764,515.5775981634379
