nframe,x0,y0
0,1085.0,694.0
1,1114.6117414866703,718.9470710962376
2,1119.4461631007412,721.5736849172007
3,1119.4469504751269,721.5712860570337
4,1119.440112597492,721.5747951628719
5,1119.4297222313799,721.5838320854085
6,1119.4316651000763,721.5775981634379
7,1119.4342599343101,721.5759253901495
8,1119.435618698771,721.5745090813577
9,1119.4384629677204,721.573458201582
10,1119.442497212314,721.5733288422027
11,1119.4436282887552,721.5718880381357
