nframe,x0,y0
0,576.0,354.0
1,605.6117414866724,378.9470710962392
2,610.4461631007441,381.5736849172037
3,610.4469504751297,381.5712860570368
4,610.440112597495,381.5747951628749
5,610.4297222313829,381.5838320854116
6,610.4316651000794,381.57759816344094
7,610.434259934313,381.5759253901525
8,610.4356186987739,381.5745090813608
9,610.4384629677235,381.573458201585
10,610.442497212317,381.5733288422058
11,610.4436282887583,381.5718880381388
