nframe,x0,y0
0,1272.0,1050.0
1,1301.6117414866703,1074.9470710962376
2,1306.4461631007412,1077.5736849172006
3,1306.4469504751269,1077.5712860570338
4,1306.440112597492,1077.5747951628719
5,1306.4297222313799,1077.5838320854086
6,1306.4316651000763,1077.5775981634379
7,1306.4342599343101,1077.5759253901495
8,1306.435618698771,1077.5745090813577
9,1306.4384629677204,1077.573458201582
10,1306.442497212314,1077.5733288422027
11,1306.4436282887552,1077.5718880381357
12,1305.9304785977038,1076.5806484501993
13,1303.6819723550955,1077.1156738365057
14,1303.6743433276856,1077.1257658017114
15,1303.676777518151,1077.1184535976968
16,1303.6787780522493,1077.1187616684301
17,1303.6843102456046,1077.1121397092593
18,1304.1117620679777,1077.6102581867528
