nframe,x0,y0
0,602.0,969.0
1,631.6117414866702,993.9470710962376
2,636.4461631007412,996.5736849172007
3,636.4469504751268,996.5712860570337
4,636.4401125974921,996.5747951628719
5,636.42972223138,996.5838320854085
6,636.4316651000764,996.5775981634379
7,636.43425993431,996.5759253901495
8,636.4356186987709,996.5745090813577
9,636.4384629677205,996.573458201582
10,636.442497212314,996.5733288422027
11,636.4436282887553,996.5718880381357
12,635.9304785977039,995.5806484501994
13,633.6819723550956,996.1156738365057
14,633.6743433276856,996.1257658017115
15,633.6767775181511,996.1184535976967
16,633.6787780522492,996.1187616684301
17,633.6843102456045,996.1121397092593
18,634.1117620679777,996.610258186753
19,634.1061720084241,996.619695070106
20,634.7538891000439,996.4709555679214
21,635.7586359221057,997.4135781064678
22,635.76226210526,997.4057979902063
23,635.0792420638993,997.5087302318378
24,634.8538994890129,996.9842740452277
25,633.6666097324824,997.0439763506629
26,635.5418258740345,997.9093724328674
27,635.5505788338485,997.9011169221413
28,635.5499636657713,997.9028520064343
29,635.5538781162862,997.8999043864404
