nframe,x0,y0
0,1014.0,784.0
1,1043.6117414866724,808.9470710962393
2,1048.4461631007441,811.5736849172037
3,1048.4469504751298,811.5712860570368
4,1048.440112597495,811.5747951628749
5,1048.4297222313828,811.5838320854116
6,1048.4316651000793,811.5775981634409
7,1048.434259934313,811.5759253901525
8,1048.4356186987739,811.5745090813608
9,1048.4384629677234,811.573458201585
10,1048.442497212317,811.5733288422058
