nframe,x0,y0
0,389.0,992.0
1,418.61174148667027,1016.9470710962376
2,423.4461631007411,1019.5736849172007
3,423.44695047512676,1019.5712860570337
4,423.4401125974921,1019.5747951628719
5,423.42972223137997,1019.5838320854085
6,423.43166510007643,1019.5775981634379
7,423.43425993431003,1019.5759253901495
8,423.4356186987709,1019.5745090813577
9,423.4384629677205,1019.573458201582
10,423.442497212314,1019.5733288422027
11,423.44362828875535,1019.5718880381357
