nframe,x0,y0
0,1085.0,694.0
1,1114.6117414866724,718.9470710962393
2,1119.4461631007441,721.5736849172037
3,1119.4469504751298,721.5712860570368
4,1119.440112597495,721.5747951628749
5,1119.4297222313828,721.5838320854116
6,1119.4316651000793,721.5775981634409
7,1119.434259934313,721.5759253901525
8,1119.4356186987739,721.5745090813608
9,1119.4384629677234,721.573458201585
10,1119.442497212317,721.5733288422058
11,1119.4436282887582,721.5718880381388
