nframe,x0,y0
0,264.0,324.0
1,293.61174148667027,348.94707109623755
2,298.4461631007411,351.57368491720064
3,298.44695047512676,351.5712860570337
4,298.4401125974921,351.5747951628719
5,298.42972223137997,351.5838320854085
6,298.43166510007643,351.5775981634379
7,298.43425993431003,351.57592539014945
8,298.4356186987709,351.57450908135775
9,298.4384629677205,351.57345820158196
10,298.442497212314,351.5733288422027
11,298.44362828875535,351.57188803813574
