nframe,x0,y0
0,798.0,464.0
1,827.6117414866724,488.9470710962392
2,832.4461631007441,491.5736849172037
3,832.4469504751297,491.5712860570368
4,832.440112597495,491.5747951628749
5,832.4297222313829,491.5838320854116
6,832.4316651000794,491.57759816344094
7,832.434259934313,491.5759253901525
8,832.4356186987739,491.5745090813608
9,832.4384629677235,491.573458201585
10,832.442497212317,491.5733288422058
11,832.4436282887583,491.5718880381388
