nframe,x0,y0
0,979.0,523.0
1,1008.6117414866702,547.9470710962376
2,1013.4461631007412,550.5736849172007
3,1013.4469504751268,550.5712860570337
4,1013.4401125974921,550.5747951628719
5,1013.42972223138,550.5838320854085
6,1013.4316651000764,550.5775981634379
