nframe,x0,y0
0,898.0,366.0
1,927.6117414866724,390.9470710962392
2,932.4461631007441,393.5736849172037
3,932.4469504751297,393.5712860570368
4,932.440112597495,393.5747951628749
5,932.4297222313829,393.5838320854116
6,932.4316651000794,393.57759816344094
