nframe,x0,y0
0,266.0,424.0
1,295.6117414866724,448.9470710962392
2,300.44616310074406,451.5736849172037
3,300.4469504751297,451.5712860570368
4,300.44011259749504,451.5747951628749
5,300.4297222313829,451.5838320854116
6,300.43166510007933,451.57759816344094
7,300.434259934313,451.5759253901525
8,300.43561869877385,451.5745090813608
9,300.43846296772347,451.573458201585
10,300.44249721231694,451.5733288422058
11,300.4436282887583,451.5718880381388
