nframe,x0,y0
0,1076.0,790.0
1,1105.6117414866724,814.9470710962393
2,1110.4461631007441,817.5736849172037
3,1110.4469504751298,817.5712860570368
4,1110.440112597495,817.5747951628749
5,1110.4297222313828,817.5838320854116
6,1110.4316651000793,817.5775981634409
