nframe,x0,y0
0,137.0,594.0
1,166.61174148667024,618.9470710962376
2,171.44616310074113,621.5736849172007
3,171.44695047512678,621.5712860570337
4,171.4401125974921,621.5747951628719
5,171.42972223137997,621.5838320854085
6,171.4316651000764,621.5775981634379
7,171.43425993431006,621.5759253901495
8,171.4356186987709,621.5745090813577
9,171.4384629677205,621.573458201582
10,171.442497212314,621.5733288422027
