nframe,x0,y0
0,634.0,940.0
1,663.6117414866724,964.9470710962393
2,668.4461631007441,967.5736849172037
3,668.4469504751297,967.5712860570368
4,668.440112597495,967.5747951628749
5,668.4297222313829,967.5838320854116
6,668.4316651000794,967.5775981634409
7,668.434259934313,967.5759253901525
8,668.4356186987739,967.5745090813608
9,668.4384629677235,967.573458201585
10,668.442497212317,967.5733288422058
11,668.4436282887583,967.5718880381388
