nframe,x0,y0
0,1138.0,862.0
1,1167.6117414866724,886.9470710962393
2,1172.4461631007441,889.5736849172037
3,1172.4469504751298,889.5712860570368
4,1172.440112597495,889.5747951628749
5,1172.4297222313828,889.5838320854116
6,1172.4316651000793,889.5775981634409
7,1172.434259934313,889.5759253901525
8,1172.4356186987739,889.5745090813608
9,1172.4384629677234,889.573458201585
10,1172.442497212317,889.5733288422058
