nframe,x0,y0
0,942.0,674.0
1,971.6117414866702,698.9470710962376
2,976.4461631007412,701.5736849172007
3,976.4469504751268,701.5712860570337
4,976.4401125974921,701.5747951628719
5,976.42972223138,701.5838320854085
6,976.4316651000764,701.5775981634379
7,976.43425993431,701.5759253901495
8,976.4356186987709,701.5745090813577
9,976.4384629677205,701.573458201582
10,976.442497212314,701.5733288422027
11,976.4436282887553,701.5718880381357
