nframe,x0,y0
0,873.0,347.0
1,902.6117414866702,371.94707109623755
2,907.4461631007412,374.57368491720064
3,907.4469504751268,374.5712860570337
4,907.4401125974921,374.5747951628719
5,907.42972223138,374.5838320854085
6,907.4316651000764,374.5775981634379
7,907.43425993431,374.57592539014945
8,907.4356186987709,374.57450908135775
9,907.4384629677205,374.57345820158196
10,907.442497212314,374.5733288422027
