nframe,x0,y0
0,1312.0,910.0
1,1341.6117414866703,934.9470710962376
2,1346.4461631007412,937.5736849172007
3,1346.4469504751269,937.5712860570337
4,1346.440112597492,937.5747951628719
5,1346.4297222313799,937.5838320854085
6,1346.4316651000763,937.5775981634379
