nframe,x0,y0
0,1272.0,1050.0
1,1301.6117414866724,1074.9470710962391
2,1306.4461631007441,1077.5736849172038
3,1306.4469504751298,1077.5712860570368
4,1306.440112597495,1077.574795162875
5,1306.4297222313828,1077.5838320854116
6,1306.4316651000793,1077.577598163441
7,1306.434259934313,1077.5759253901524
8,1306.4356186987739,1077.5745090813607
9,1306.4384629677234,1077.573458201585
10,1306.442497212317,1077.5733288422057
11,1306.4436282887582,1077.5718880381387
12,1305.9304785977045,1076.5806484502027
13,1303.6819723550955,1077.1156738365141
14,1303.6743433276856,1077.1257658017198
15,1303.676777518151,1077.118453597705
16,1303.6787780522493,1077.1187616684385
17,1303.6843102456044,1077.1121397092677
18,1304.1117620679793,1077.6102581867608
19,1304.1061720084256,1077.6196950701137
20,1304.7538891000459,1077.4709555679276
21,1305.7586359221107,1078.4135781064729
22,1305.762262105265,1078.4057979902113
23,1305.079242063904,1078.5087302318443
24,1304.8538994890166,1077.9842740452343
25,1303.6666097324853,1078.043976350672
26,1305.541825874041,1078.9093724328734
27,1305.550578833855,1078.9011169221471
28,1305.5499636657778,1078.90285200644
29,1305.5538781162927,1078.8999043864462
30,1305.5563046990758,1078.895498873579
31,1305.0343140083803,1079.657479328515
32,1305.3608330959275,1080.0682256475247
33,1304.2842551830465,1080.0242211027887
34,1304.830141114807,1079.8469469311765
35,1304.8181249940792,1079.861336160069
36,1304.8190905758086,1079.672820569019
37,1305.1289616283325,1079.4893595001327
38,1305.1882381839462,1079.7803825895637
39,1305.7332031649103,1080.88003016904
