nframe,x0,y0
0,790.0,919.0
1,819.6117414866702,943.9470710962376
2,824.4461631007412,946.5736849172007
3,824.4469504751268,946.5712860570337
4,824.4401125974921,946.5747951628719
5,824.42972223138,946.5838320854085
6,824.4316651000764,946.5775981634379
