nframe,x0,y0
0,1312.0,910.0
1,1341.6117414866703,934.9470710962376
2,1346.4461631007412,937.5736849172007
3,1346.4469504751269,937.5712860570337
4,1346.440112597492,937.5747951628719
5,1346.4297222313799,937.5838320854085
6,1346.4316651000763,937.5775981634379
7,1346.4342599343101,937.5759253901495
8,1346.435618698771,937.5745090813577
9,1346.4384629677204,937.573458201582
10,1346.442497212314,937.5733288422027
11,1346.4436282887552,937.5718880381357
12,1345.9304785977038,936.5806484501994
13,1343.6819723550955,937.1156738365057
14,1343.6743433276856,937.1257658017115
15,1343.676777518151,937.1184535976967
16,1343.6787780522493,937.1187616684301
17,1343.6843102456046,937.1121397092593
18,1344.1117620679777,937.610258186753
