nframe,x0,y0
0,1826.0,1033.0
1,1855.6117414866703,1057.9470710962376
2,1860.4461631007412,1060.5736849172006
3,1860.4469504751269,1060.5712860570338
4,1860.440112597492,1060.5747951628719
5,1860.4297222313799,1060.5838320854086
6,1860.4316651000763,1060.5775981634379
