nframe,x0,y0
0,1644.0,834.0
1,1673.6117414866703,858.9470710962376
2,1678.4461631007412,861.5736849172007
3,1678.4469504751269,861.5712860570337
4,1678.440112597492,861.5747951628719
5,1678.4297222313799,861.5838320854085
6,1678.4316651000763,861.5775981634379
7,1678.4342599343101,861.5759253901495
8,1678.435618698771,861.5745090813577
9,1678.4384629677204,861.573458201582
10,1678.442497212314,861.5733288422027
11,1678.4436282887552,861.5718880381357
12,1677.9304785977038,860.5806484501994
13,1675.6819723550955,861.1156738365057
14,1675.6743433276856,861.1257658017115
15,1675.676777518151,861.1184535976967
16,1675.6787780522493,861.1187616684301
17,1675.6843102456046,861.1121397092593
18,1676.1117620679777,861.610258186753
