nframe,x0,y0
0,380.0,555.0
1,409.6117414866724,579.9470710962393
2,414.44616310074406,582.5736849172037
3,414.4469504751297,582.5712860570368
4,414.44011259749504,582.5747951628749
5,414.4297222313829,582.5838320854116
6,414.43166510007933,582.5775981634409
7,414.434259934313,582.5759253901525
8,414.43561869877385,582.5745090813608
9,414.43846296772347,582.573458201585
10,414.44249721231694,582.5733288422058
