nframe,x0,y0
0,1722.0,444.0
1,1751.6117414866703,468.94707109623755
2,1756.4461631007412,471.57368491720064
3,1756.4469504751269,471.5712860570337
4,1756.440112597492,471.5747951628719
5,1756.4297222313799,471.5838320854085
6,1756.4316651000763,471.5775981634379
7,1756.4342599343101,471.57592539014945
8,1756.435618698771,471.57450908135775
9,1756.4384629677204,471.57345820158196
10,1756.442497212314,471.5733288422027
11,1756.4436282887552,471.57188803813574
