nframe,x0,y0
0,389.0,992.0
1,418.6117414866724,1016.9470710962393
2,423.44616310074406,1019.5736849172037
3,423.4469504751297,1019.5712860570368
4,423.44011259749504,1019.5747951628749
5,423.4297222313829,1019.5838320854116
6,423.43166510007933,1019.5775981634409
7,423.434259934313,1019.5759253901525
8,423.43561869877385,1019.5745090813608
9,423.43846296772347,1019.573458201585
10,423.44249721231694,1019.5733288422058
11,423.4436282887583,1019.5718880381388
12,422.9304785977045,1018.5806484502026
13,420.6819723550955,1019.115673836514
14,420.6743433276856,1019.1257658017198
15,420.676777518151,1019.1184535977051
16,420.6787780522492,1019.1187616684384
17,420.6843102456045,1019.1121397092676
18,421.11176206797927,1019.6102581867608
19,421.1061720084257,1019.6196950701138
20,421.7538891000459,1019.4709555679277
21,422.75863592211067,1020.4135781064729
22,422.762262105265,1020.4057979902115
23,422.0792420639041,1020.5087302318444
24,421.8538994890165,1019.9842740452343
25,420.6666097324853,1020.0439763506719
26,422.54182587404114,1020.9093724328733
27,422.550578833855,1020.9011169221473
28,422.54996366577785,1020.9028520064402
29,422.5538781162928,1020.8999043864462
