nframe,x0,y0
0,1018.0,613.0
1,1047.6117414866703,637.9470710962376
2,1052.4461631007412,640.5736849172007
3,1052.4469504751269,640.5712860570337
4,1052.440112597492,640.5747951628719
5,1052.4297222313799,640.5838320854085
6,1052.4316651000763,640.5775981634379
7,1052.4342599343101,640.5759253901495
8,1052.435618698771,640.5745090813577
9,1052.4384629677204,640.573458201582
10,1052.442497212314,640.5733288422027
11,1052.4436282887552,640.5718880381357
