nframe,x0,y0
0,1176.0,968.0
1,1205.6117414866724,992.9470710962393
2,1210.4461631007441,995.5736849172037
3,1210.4469504751298,995.5712860570368
4,1210.440112597495,995.5747951628749
5,1210.4297222313828,995.5838320854116
6,1210.4316651000793,995.5775981634409
