nframe,x0,y0
0,152.0,488.0
1,181.61174148667024,512.9470710962376
2,186.44616310074113,515.5736849172007
3,186.44695047512678,515.5712860570337
4,186.4401125974921,515.5747951628719
5,186.42972223137997,515.5838320854085
6,186.4316651000764,515.5775981634379
7,186.43425993431006,515.5759253901495
8,186.4356186987709,515.5745090813577
9,186.4384629677205,515.573458201582
10,186.442497212314,515.5733288422027
11,186.44362828875535,515.5718880381357
