nframe,x0,y0
0,1260.0,1026.0
1,1289.6117414866724,1050.9470710962391
2,1294.4461631007441,1053.5736849172038
3,1294.4469504751298,1053.5712860570368
4,1294.440112597495,1053.574795162875
5,1294.4297222313828,1053.5838320854116
6,1294.4316651000793,1053.577598163441
7,1294.434259934313,1053.5759253901524
8,1294.4356186987739,1053.5745090813607
9,1294.4384629677234,1053.573458201585
10,1294.442497212317,1053.5733288422057
