nframe,x0,y0
0,1722.0,444.0
1,1751.6117414866724,468.9470710962392
2,1756.4461631007441,471.5736849172037
3,1756.4469504751298,471.5712860570368
4,1756.440112597495,471.5747951628749
5,1756.4297222313828,471.5838320854116
6,1756.4316651000793,471.57759816344094
