nframe,x0,y0
0,837.0,391.0
1,866.6117414866724,415.9470710962392
2,871.4461631007441,418.5736849172037
3,871.4469504751297,418.5712860570368
4,871.440112597495,418.5747951628749
5,871.4297222313829,418.5838320854116
6,871.4316651000794,418.57759816344094
7,871.434259934313,418.5759253901525
8,871.4356186987739,418.5745090813608
9,871.4384629677235,418.573458201585
10,871.442497212317,418.5733288422058
11,871.4436282887583,418.5718880381388
