nframe,x0,y0
0,1126.0,728.0
1,1155.6117414866703,752.9470710962376
2,1160.4461631007412,755.5736849172007
3,1160.4469504751269,755.5712860570337
4,1160.440112597492,755.5747951628719
5,1160.4297222313799,755.5838320854085
6,1160.4316651000763,755.5775981634379
