nframe,x0,y0
0,602.0,969.0
1,631.6117414866724,993.9470710962393
2,636.4461631007441,996.5736849172037
3,636.4469504751297,996.5712860570368
4,636.440112597495,996.5747951628749
5,636.4297222313829,996.5838320854116
6,636.4316651000794,996.5775981634409
7,636.434259934313,996.5759253901525
8,636.4356186987739,996.5745090813608
9,636.4384629677235,996.573458201585
10,636.442497212317,996.5733288422058
11,636.4436282887583,996.5718880381388
12,635.9304785977045,995.5806484502026
13,633.6819723550955,996.115673836514
14,633.6743433276856,996.1257658017198
15,633.6767775181511,996.1184535977051
