nframe,x0,y0
0,552.0,55.0
1,581.6117414866702,79.94707109623752
2,586.4461631007412,82.57368491720065
3,586.4469504751268,82.57128605703375
4,586.4401125974921,82.57479516287191
5,586.42972223138,82.58383208540852
6,586.4316651000764,82.57759816343793
7,586.43425993431,82.57592539014946
8,586.4356186987709,82.57450908135776
9,586.4384629677205,82.57345820158199
10,586.442497212314,82.57332884220274
11,586.4436282887553,82.57188803813575
12,585.9304785977039,81.5806484501994
13,583.6819723550956,82.11567383650569
14,583.6743433276856,82.12576580171151
15,583.6767775181511,82.11845359769669
16,583.6787780522492,82.1187616684301
17,583.6843102456045,82.11213970925928
18,584.1117620679777,82.61025818675294
