nframe,x0,y0
0,858.0,469.0
1,887.6117414866724,493.9470710962392
2,892.4461631007441,496.5736849172037
3,892.4469504751297,496.5712860570368
4,892.440112597495,496.5747951628749
5,892.4297222313829,496.5838320854116
6,892.4316651000794,496.57759816344094
7,892.434259934313,496.5759253901525
8,892.4356186987739,496.5745090813608
9,892.4384629677235,496.573458201585
10,892.442497212317,496.5733288422058
