nframe,x0,y0
0,1084.0,690.0
1,1113.6117414866724,714.9470710962393
2,1118.4461631007441,717.5736849172037
3,1118.4469504751298,717.5712860570368
4,1118.440112597495,717.5747951628749
5,1118.4297222313828,717.5838320854116
6,1118.4316651000793,717.5775981634409
