nframe,x0,y0
0,1722.0,444.0
1,1751.6117414866724,468.9470710962392
2,1756.4461631007441,471.5736849172037
3,1756.4469504751298,471.5712860570368
4,1756.440112597495,471.5747951628749
5,1756.4297222313828,471.5838320854116
6,1756.4316651000793,471.57759816344094
7,1756.434259934313,471.5759253901525
8,1756.4356186987739,471.5745090813608
9,1756.4384629677234,471.573458201585
10,1756.442497212317,471.5733288422058
11,1756.4436282887582,471.5718880381388
12,1755.9304785977045,470.58064845020266
13,1753.6819723550955,471.115673836514
14,1753.6743433276856,471.12576580171987
15,1753.676777518151,471.118453597705
16,1753.6787780522493,471.1187616684384
17,1753.6843102456044,471.11213970926764
18,1754.1117620679793,471.6102581867608
