nframe,x0,y0
0,858.0,469.0
1,887.6117414866702,493.94707109623755
2,892.4461631007412,496.57368491720064
3,892.4469504751268,496.5712860570337
4,892.4401125974921,496.5747951628719
5,892.42972223138,496.5838320854085
6,892.4316651000764,496.5775981634379
7,892.43425993431,496.57592539014945
8,892.4356186987709,496.57450908135775
9,892.4384629677205,496.57345820158196
10,892.442497212314,496.5733288422027
