nframe,x0,y0
0,941.0,673.0
1,970.6117414866724,697.9470710962393
2,975.4461631007441,700.5736849172037
3,975.4469504751297,700.5712860570368
4,975.440112597495,700.5747951628749
5,975.4297222313829,700.5838320854116
6,975.4316651000794,700.5775981634409
7,975.434259934313,700.5759253901525
8,975.4356186987739,700.5745090813608
9,975.4384629677235,700.573458201585
10,975.442497212317,700.5733288422058
