nframe,x0,y0
0,410.0,548.0
1,439.61174148667027,572.9470710962376
2,444.4461631007411,575.5736849172007
3,444.44695047512676,575.5712860570337
4,444.4401125974921,575.5747951628719
5,444.42972223137997,575.5838320854085
6,444.43166510007643,575.5775981634379
7,444.43425993431003,575.5759253901495
8,444.4356186987709,575.5745090813577
9,444.4384629677205,575.573458201582
10,444.442497212314,575.5733288422027
11,444.44362828875535,575.5718880381357
12,443.9304785977039,574.5806484501994
13,441.6819723550955,575.1156738365057
14,441.6743433276856,575.1257658017115
15,441.6767775181511,575.1184535976967
16,441.67877805224924,575.1187616684301
17,441.6843102456045,575.1121397092593
18,442.11176206797774,575.610258186753
19,442.1061720084241,575.619695070106
20,442.7538891000439,575.4709555679214
21,443.75863592210567,576.4135781064678
22,443.76226210526005,576.4057979902063
23,443.0792420638993,576.5087302318378
24,442.85389948901286,575.9842740452277
25,441.66660973248236,576.0439763506629
26,443.54182587403454,576.9093724328674
27,443.5505788338485,576.9011169221413
28,443.5499636657713,576.9028520064343
