nframe,x0,y0
0,890.0,412.0
1,919.6117414866702,436.94707109623755
2,924.4461631007412,439.57368491720064
3,924.4469504751268,439.5712860570337
4,924.4401125974921,439.5747951628719
5,924.42972223138,439.5838320854085
6,924.4316651000764,439.5775981634379
7,924.43425993431,439.57592539014945
8,924.4356186987709,439.57450908135775
9,924.4384629677205,439.57345820158196
10,924.442497212314,439.5733288422027
