nframe,x0,y0
0,596.0,952.0
1,625.6117414866702,976.9470710962376
2,630.4461631007412,979.5736849172007
3,630.4469504751268,979.5712860570337
4,630.4401125974921,979.5747951628719
5,630.42972223138,979.5838320854085
6,630.4316651000764,979.5775981634379
