nframe,x0,y0
0,981.0,740.0
1,1010.6117414866702,764.9470710962376
2,1015.4461631007412,767.5736849172007
3,1015.4469504751268,767.5712860570337
4,1015.4401125974921,767.5747951628719
5,1015.42972223138,767.5838320854085
6,1015.4316651000764,767.5775981634379
7,1015.43425993431,767.5759253901495
8,1015.4356186987709,767.5745090813577
9,1015.4384629677205,767.573458201582
10,1015.442497212314,767.5733288422027
11,1015.4436282887553,767.5718880381357
