nframe,x0,y0
0,1655.0,576.0
1,1684.6117414866703,600.9470710962376
2,1689.4461631007412,603.5736849172007
3,1689.4469504751269,603.5712860570337
4,1689.440112597492,603.5747951628719
5,1689.4297222313799,603.5838320854085
6,1689.4316651000763,603.5775981634379
7,1689.4342599343101,603.5759253901495
8,1689.435618698771,603.5745090813577
9,1689.4384629677204,603.573458201582
10,1689.442497212314,603.5733288422027
11,1689.4436282887552,603.5718880381357
