nframe,x0,y0
0,1791.0,284.0
1,1868.6588090225096,304.01680907310856
2,1749.9148297868862,353.4434026444442
3,1788.2351638498471,322.3131795291424
4,1765.5463816488427,207.03177588353958
