nframe,x0,y0
0,114.0,454.0
1,191.6588090225095,474.01680907310856
2,72.9148297868863,523.4434026444442
3,111.23516384984714,492.3131795291424
4,88.54638164884264,377.0317758835396
5,24.114469252625327,285.961346093005
6,85.7888076680695,200.41057876693927
7,128.36484461989713,237.816065239134
8,164.4165849429332,245.55783360563825
9,205.0761664258935,304.341750974633
10,246.40914155502128,418.38084965126774
11,281.60337237670717,419.01932616588454
12,216.91560325017622,346.45891891895195
13,10.80013825587612,422.8124383574002
14,-46.869861007327756,435.2079371578381
15,22.083555406533222,339.139375071204
16,52.60784354191817,404.7260757357343
