nframe,x0,y0
0,1326.0,450.0
1,1403.6588090225173,470.01680907311544
2,1284.9148297868817,519.4434026444585
3,1323.2351638498471,488.3131795291579
4,1300.5463816488418,373.0317758835468
5,1236.1144692526195,281.96134609300594
6,1297.788807668071,196.41057876693606
7,1340.364844619903,233.816065239139
8,1376.4165849429426,241.55783360564837
