nframe,x0,y0
0,138.0,732.0
1,215.65880902251732,752.0168090731155
2,96.91482978688171,801.4434026444585
3,135.23516384984703,770.3131795291579
4,112.54638164884192,655.0317758835467
5,48.11446925261946,563.9613460930059
