nframe,x0,y0
0,408.0,1054.0
1,485.6588090225095,1074.0168090731086
2,366.9148297868863,1123.4434026444442
3,405.23516384984714,1092.3131795291424
4,382.54638164884267,977.0317758835396
5,318.1144692526253,885.961346093005
6,379.78880766806947,800.4105787669392
7,422.3648446198971,837.816065239134
8,458.41658494293324,845.5578336056383
9,499.07616642589346,904.341750974633
10,540.4091415550213,1018.3808496512678
11,575.6033723767072,1019.0193261658845
12,510.9156032501762,946.4589189189519
13,304.8001382558761,1022.8124383574002
