nframe,x0,y0
0,529.0,580.0
1,606.6588090225096,600.0168090731086
2,487.9148297868863,649.4434026444442
3,526.2351638498471,618.3131795291424
4,503.54638164884267,503.0317758835396
