nframe,x0,y0
0,1718.0,594.0
1,1795.6588090225173,614.0168090731155
2,1676.9148297868817,663.4434026444585
3,1715.2351638498471,632.3131795291579
4,1692.5463816488418,517.0317758835467
5,1628.1144692526195,425.96134609300594
6,1689.788807668071,340.41057876693606
7,1732.364844619903,377.816065239139
8,1768.4165849429426,385.5578336056484
9,1809.0761664259064,444.34175097465345
10,1850.4091415550372,558.3808496513043
11,1885.6033723767268,559.0193261659255
12,1820.9156032501905,486.4589189189885
13,1614.800138255869,562.8124383574458
14,1557.1301389926593,575.2079371578881
15,1626.0835554065286,479.1393750712488
16,1656.607843541916,544.72607573579
17,1735.5157063278025,553.4635414926394
18,1781.568254415078,591.6856787514637
19,1781.0778538276973,592.0248563938435
20,1781.5894020130736,592.052456075032
