nframe,x0,y0
0,1415.0,298.0
1,1492.6588090225096,318.01680907310856
2,1373.9148297868862,367.4434026444442
3,1412.2351638498471,336.3131795291424
4,1389.5463816488427,221.03177588353958
5,1325.1144692526254,129.961346093005
6,1386.7888076680695,44.41057876693927
7,1429.3648446198972,81.81606523913399
