nframe,x0,y0
0,1609.0,426.0
1,1686.6588090225173,446.01680907311544
2,1567.9148297868817,495.4434026444585
3,1606.2351638498471,464.3131795291579
4,1583.5463816488418,349.0317758835468
5,1519.1144692526195,257.96134609300594
6,1580.788807668071,172.41057876693606
