nframe,x0,y0
0,1414.0,978.0
1,1491.6588090225173,998.0168090731155
2,1372.9148297868817,1047.4434026444585
3,1411.2351638498471,1016.3131795291579
4,1388.5463816488418,901.0317758835467
5,1324.1144692526195,809.9613460930059
6,1385.788807668071,724.410578766936
7,1428.364844619903,761.816065239139
