nframe,x0,y0
0,1767.0,454.0
1,1844.6588090225173,474.01680907311544
2,1725.9148297868817,523.4434026444585
3,1764.2351638498471,492.3131795291579
4,1741.5463816488418,377.0317758835468
