nframe,x0,y0
0,144.0,920.0
1,221.65880902251732,940.0168090731155
2,102.91482978688171,989.4434026444585
3,141.23516384984703,958.3131795291579
4,118.54638164884192,843.0317758835467
5,54.11446925261946,751.9613460930059
6,115.78880766807114,666.410578766936
7,158.3648446199028,703.816065239139
8,194.41658494294268,711.5578336056484
9,235.07616642590654,770.3417509746535
