nframe,x0,y0
0,244.0,260.0
1,321.6588090225095,280.01680907310856
2,202.9148297868863,329.4434026444442
3,241.23516384984714,298.3131795291424
4,218.54638164884264,183.03177588353958
5,154.11446925262533,91.961346093005
6,215.7888076680695,6.410578766939267
7,258.3648446198971,43.81606523913399
8,294.41658494293324,51.55783360563825
9,335.07616642589346,110.34175097463299
