nframe,x0,y0
0,292.0,759.0
1,369.6588090225173,779.0168090731155
2,250.9148297868817,828.4434026444585
3,289.235163849847,797.3131795291579
4,266.54638164884193,682.0317758835467
