nframe,x0,y0
0,966.0,506.0
1,1043.6588090225096,526.0168090731086
2,924.9148297868863,575.4434026444442
3,963.2351638498471,544.3131795291424
4,940.5463816488426,429.0317758835396
5,876.1144692526253,337.961346093005
6,937.7888076680695,252.41057876693927
7,980.3648446198971,289.816065239134
