nframe,x0,y0
0,325.0,18.0
1,402.6588090225173,38.01680907311546
2,283.9148297868817,87.44340264445852
3,322.235163849847,56.3131795291579
4,299.54638164884193,-58.9682241164532
5,235.11446925261947,-150.03865390699406
6,296.7888076680712,-235.58942123306394
7,339.3648446199028,-198.183934760861
8,375.4165849429427,-190.44216639435163
9,416.07616642590654,-131.65824902534652
10,457.4091415550373,-17.61915034869571
11,492.60337237672695,-16.980673834074572
12,427.9156032501906,-89.54108108101153
