nframe,x0,y0
0,1261.0,484.0
1,1338.6588090225096,504.01680907310856
2,1219.9148297868862,553.4434026444442
3,1258.2351638498471,522.3131795291424
4,1235.5463816488427,407.0317758835396
