nframe,x0,y0
0,1868.0,326.0
1,1945.6588090225096,346.01680907310856
2,1826.9148297868862,395.4434026444442
3,1865.2351638498471,364.3131795291424
4,1842.5463816488427,249.03177588353958
5,1778.1144692526254,157.961346093005
6,1839.7888076680695,72.41057876693927
7,1882.3648446198972,109.81606523913399
8,1918.4165849429332,117.55783360563825
9,1959.0761664258935,176.341750974633
