nframe,x0,y0
0,1312.0,522.0
1,1389.6588090225096,542.0168090731086
2,1270.9148297868862,591.4434026444442
3,1309.2351638498471,560.3131795291424
4,1286.5463816488427,445.0317758835396
5,1222.1144692526254,353.961346093005
6,1283.7888076680695,268.41057876693924
7,1326.3648446198972,305.816065239134
8,1362.4165849429332,313.5578336056383
