nframe,x0,y0
0,624.0,1009.0
1,701.6588090225173,1029.0168090731154
2,582.9148297868817,1078.4434026444585
3,621.235163849847,1047.3131795291579
4,598.5463816488419,932.0317758835467
5,534.1144692526194,840.9613460930059
6,595.7888076680712,755.410578766936
7,638.3648446199028,792.816065239139
8,674.4165849429427,800.5578336056484
9,715.0761664259065,859.3417509746535
10,756.4091415550373,973.3808496513043
11,791.603372376727,974.0193261659255
12,726.9156032501905,901.4589189189885
