nframe,x0,y0
0,22.0,920.0
1,99.6588090225095,940.0168090731086
2,-19.0851702131137,989.4434026444442
3,19.23516384984714,958.3131795291424
4,-3.453618351157356,843.0317758835396
5,-67.88553074737467,751.961346093005
6,-6.211192331930512,666.4105787669392
7,36.36484461989712,703.816065239134
8,72.41658494293321,711.5578336056383
