nframe,x0,y0
0,10.0,70.0
1,87.6588090225095,90.01680907310858
2,-31.0851702131137,139.4434026444442
3,7.23516384984714,108.31317952914243
4,-15.453618351157356,-6.968224116460419
5,-79.88553074737467,-98.038653906995
6,-18.211192331930512,-183.58942123306073
7,24.36484461989712,-146.183934760866
8,60.41658494293322,-138.44216639436175
