nframe,x0,y0
0,758.0,732.0
1,835.6588090225173,752.0168090731155
2,716.9148297868817,801.4434026444585
3,755.235163849847,770.3131795291579
4,732.5463816488419,655.0317758835467
5,668.1144692526194,563.9613460930059
6,729.7888076680712,478.41057876693606
