nframe,x0,y0
0,1251.0,894.0
1,1328.6588090225173,914.0168090731155
2,1209.9148297868817,963.4434026444585
3,1248.2351638498471,932.3131795291579
4,1225.5463816488418,817.0317758835467
