nframe,x0,y0
0,548.0,1053.0
1,625.6588090225096,1073.0168090731086
2,506.9148297868863,1122.4434026444442
3,545.2351638498471,1091.3131795291424
4,522.5463816488426,976.0317758835396
5,458.1144692526253,884.961346093005
6,519.7888076680695,799.4105787669392
