nframe,x0,y0
0,1646.0,1043.0
1,1723.6588090225173,1063.0168090731154
2,1604.9148297868817,1112.4434026444585
3,1643.2351638498471,1081.3131795291579
4,1620.5463816488418,966.0317758835467
5,1556.1144692526195,874.9613460930059
