nframe,x0,y0
0,702.0,111.0
1,779.6588090225096,131.01680907310856
2,660.9148297868863,180.4434026444442
3,699.2351638498471,149.31317952914242
4,676.5463816488426,34.03177588353958
5,612.1144692526253,-57.038653906994995
6,673.7888076680695,-142.58942123306073
7,716.3648446198971,-105.18393476086601
8,752.4165849429332,-97.44216639436175
9,793.0761664258935,-38.65824902536701
10,834.4091415550213,75.38084965126775
11,869.6033723767072,76.01932616588454
12,804.9156032501762,3.4589189189519516
