nframe,x0,y0
0,1775.0,744.0
1,1852.6588090225096,764.0168090731086
2,1733.9148297868862,813.4434026444442
3,1772.2351638498471,782.3131795291424
4,1749.5463816488427,667.0317758835396
5,1685.1144692526254,575.961346093005
6,1746.7888076680695,490.41057876693924
7,1789.3648446198972,527.816065239134
8,1825.4165849429332,535.5578336056383
9,1866.0761664258935,594.341750974633
10,1907.4091415550213,708.3808496512678
11,1942.6033723767073,709.0193261658845
12,1877.9156032501762,636.4589189189519
13,1671.8001382558762,712.8124383574002
14,1614.1301389926723,725.2079371578382
15,1683.0835554065332,629.139375071204
16,1713.607843541918,694.7260757357343
