nframe,x0,y0
0,1634.0,750.0
1,1711.6588090225096,770.0168090731086
2,1592.9148297868862,819.4434026444442
3,1631.2351638498471,788.3131795291424
4,1608.5463816488427,673.0317758835396
