nframe,x0,y0
0,340.0,741.0
1,417.6588090225173,761.0168090731155
2,298.9148297868817,810.4434026444585
3,337.235163849847,779.3131795291579
4,314.54638164884193,664.0317758835467
5,250.11446925261947,572.9613460930059
6,311.7888076680712,487.41057876693606
7,354.3648446199028,524.816065239139
