nframe,x0,y0
0,1718.0,594.0
1,1795.6588090225096,614.0168090731086
2,1676.9148297868862,663.4434026444442
3,1715.2351638498471,632.3131795291424
4,1692.5463816488427,517.0317758835396
5,1628.1144692526254,425.961346093005
6,1689.7888076680695,340.41057876693924
7,1732.3648446198972,377.816065239134
