nframe,x0,y0
0,1052.0,100.0
1,1129.6588090225096,120.01680907310858
2,1010.9148297868863,169.4434026444442
3,1049.2351638498471,138.31317952914242
4,1026.5463816488427,23.03177588353958
5,962.1144692526253,-68.038653906995
6,1023.7888076680695,-153.58942123306073
7,1066.3648446198972,-116.18393476086601
8,1102.4165849429332,-108.44216639436175
9,1143.0761664258935,-49.65824902536701
10,1184.4091415550213,64.38084965126775
