nframe,x0,y0
0,1261.0,484.0
1,1338.6588090225173,504.01680907311544
2,1219.9148297868817,553.4434026444585
3,1258.2351638498471,522.3131795291579
4,1235.5463816488418,407.0317758835468
5,1171.1144692526195,315.96134609300594
6,1232.788807668071,230.41057876693606
