nframe,x0,y0
0,1572.0,148.0
1,1649.6588090225173,168.01680907311547
2,1530.9148297868817,217.4434026444585
3,1569.2351638498471,186.3131795291579
4,1546.5463816488418,71.0317758835468
5,1482.1144692526195,-20.038653906994057
6,1543.788807668071,-105.58942123306394
7,1586.364844619903,-68.183934760861
8,1622.4165849429426,-60.44216639435163
9,1663.0761664259064,-1.658249025346521
