nframe,x0,y0
0,1157.0,126.0
1,1234.6588090225173,146.01680907311547
2,1115.9148297868817,195.4434026444585
3,1154.2351638498471,164.3131795291579
4,1131.5463816488418,49.0317758835468
5,1067.1144692526195,-42.03865390699406
6,1128.788807668071,-127.58942123306394
7,1171.364844619903,-90.183934760861
8,1207.4165849429426,-82.44216639435163
9,1248.0761664259064,-23.65824902534652
10,1289.4091415550372,90.38084965130429
11,1324.6033723767268,91.01932616592543
12,1259.9156032501905,18.458918918988473
13,1053.800138255869,94.8124383574458
14,996.1301389926592,107.20793715788807
15,1065.0835554065286,11.139375071248807
16,1095.607843541916,76.72607573579005
17,1174.5157063278025,85.46354149263942
18,1220.568254415078,123.68567875146371
19,1220.0778538276973,124.02485639384346
20,1220.5894020130736,124.05245607503191
21,1221.1762299683303,124.94047512316182
22,1222.009103236147,124.57145929961088
23,1221.5021282903208,124.55549504683356
24,1221.43784777981,124.15842516336632
25,1220.5685917947576,124.02444751012517
26,1221.8067306565656,125.00497082983873
27,1222.357147885753,125.84495815764677
