nframe,x0,y0
0,400.0,295.0
1,477.6588090225173,315.01680907311544
2,358.9148297868817,364.4434026444585
3,397.235163849847,333.3131795291579
4,374.54638164884193,218.0317758835468
5,310.1144692526195,126.96134609300594
6,371.7888076680712,41.410578766936055
7,414.3648446199028,78.816065239139
