nframe,x0,y0
0,1012.0,986.0
1,1089.6588090225096,1006.0168090731086
2,970.9148297868863,1055.4434026444442
3,1009.2351638498471,1024.3131795291424
4,986.5463816488426,909.0317758835396
5,922.1144692526253,817.961346093005
6,983.7888076680695,732.4105787669392
7,1026.3648446198972,769.816065239134
8,1062.4165849429332,777.5578336056383
