nframe,x0,y0
0,118.0,214.0
1,195.6588090225095,234.01680907310856
2,76.9148297868863,283.4434026444442
3,115.23516384984714,252.31317952914242
4,92.54638164884264,137.03177588353958
