nframe,x0,y0
0,169.0,980.0
1,246.6588090225095,1000.0168090731086
2,127.9148297868863,1049.4434026444442
3,166.23516384984714,1018.3131795291424
4,143.54638164884264,903.0317758835396
5,79.11446925262533,811.961346093005
6,140.7888076680695,726.4105787669392
