nframe,x0,y0
0,1115.0,575.0
1,1192.6588090225173,595.0168090731155
2,1073.9148297868817,644.4434026444585
3,1112.2351638498471,613.3131795291579
4,1089.5463816488418,498.0317758835468
5,1025.1144692526195,406.96134609300594
6,1086.788807668071,321.41057876693606
7,1129.364844619903,358.816065239139
8,1165.4165849429426,366.5578336056484
9,1206.0761664259064,425.34175097465345
10,1247.4091415550372,539.3808496513043
11,1282.6033723767268,540.0193261659255
12,1217.9156032501905,467.4589189189885
13,1011.8001382558689,543.8124383574458
14,954.1301389926592,556.2079371578881
15,1023.0835554065286,460.1393750712488
16,1053.607843541916,525.72607573579
17,1132.5157063278025,534.4635414926394
