nframe,x0,y0
0,994.0,68.0
1,1071.6588090225173,88.01680907311547
2,952.9148297868817,137.4434026444585
3,991.235163849847,106.3131795291579
4,968.5463816488419,-8.9682241164532
