nframe,x0,y0
0,463.0,891.0
1,540.6588090225096,911.0168090731086
2,421.9148297868863,960.4434026444442
3,460.23516384984714,929.3131795291424
4,437.54638164884267,814.0317758835396
