nframe,x0,y0
0,1277.0,1061.0
1,1354.6588090225173,1081.0168090731154
2,1235.9148297868817,1130.4434026444585
3,1274.2351638498471,1099.3131795291579
4,1251.5463816488418,984.0317758835467
