nframe,x0,y0
0,1634.0,970.0
1,1711.6588090225173,990.0168090731155
2,1592.9148297868817,1039.4434026444585
3,1631.2351638498471,1008.3131795291579
4,1608.5463816488418,893.0317758835467
5,1544.1144692526195,801.9613460930059
