nframe,x0,y0
0,26.0,870.0
1,103.65880902251732,890.0168090731155
2,-15.085170213118289,939.4434026444585
3,23.235163849847027,908.3131795291579
4,0.546381648841912,793.0317758835467
5,-63.88553074738054,701.9613460930059
6,-2.2111923319288564,616.410578766936
7,40.36484461990281,653.816065239139
8,76.41658494294266,661.5578336056484
9,117.07616642590652,720.3417509746535
10,158.40914155503728,834.3808496513043
11,193.60337237672692,835.0193261659255
12,128.9156032501906,762.4589189189885
13,-77.19986174413113,838.8124383574458
14,-134.86986100734077,851.2079371578881
15,-65.9164445934714,755.1393750712488
16,-35.392156458083974,820.72607573579
17,43.515706327802405,829.4635414926394
18,89.56825441507787,867.6856787514637
19,89.0778538276972,868.0248563938435
20,89.5894020130736,868.052456075032
21,90.1762299683302,868.9404751231618
22,91.00910323614698,868.5714592996109
23,90.50212829032091,868.5554950468336
24,90.43784777980994,868.1584251633664
25,89.56859179475764,868.0244475101251
26,90.8067306565656,869.0049708298387
27,91.35714788575295,869.8449581576468
28,91.40290697337797,870.0821996826452
29,91.67612604029576,870.6369212220372
30,92.20990294170564,870.559725243701
31,90.10080946378051,871.1773405839442
32,90.20673918930954,872.4939378696602
33,88.10611741188859,870.7019251831027
34,89.48389531431323,871.2616175373839
35,88.0935761561741,869.0521473515166
36,88.38184969044778,868.7163931491026
37,89.28959695265763,868.8857659128272
38,89.02181116135696,869.5478442774975
39,88.6020881722088,872.5139895815499
40,110.41218214533296,865.6442071006779
41,107.91690384885946,860.9935926852353
42,110.98279296313613,863.1649499384177
43,107.0451417335616,863.7820972457974
