nframe,x0,y0
0,256.0,13.0
1,333.6588090225173,33.01680907311546
2,214.9148297868817,82.44340264445852
3,253.23516384984703,51.3131795291579
4,230.5463816488419,-63.9682241164532
