nframe,x0,y0
0,246.0,924.0
1,323.6588090225173,944.0168090731155
2,204.9148297868817,993.4434026444585
3,243.23516384984703,962.3131795291579
4,220.5463816488419,847.0317758835467
