nframe,x0,y0
0,450.0,999.0
1,527.6588090225173,1019.0168090731155
2,408.9148297868817,1068.4434026444585
3,447.235163849847,1037.3131795291579
4,424.54638164884193,922.0317758835467
5,360.1144692526195,830.9613460930059
6,421.7888076680712,745.410578766936
7,464.3648446199028,782.816065239139
8,500.4165849429427,790.5578336056484
9,541.0761664259065,849.3417509746535
10,582.4091415550373,963.3808496513043
11,617.603372376727,964.0193261659255
12,552.9156032501905,891.4589189189885
13,346.8001382558689,967.8124383574458
14,289.1301389926592,980.2079371578881
15,358.0835554065286,884.1393750712488
16,388.60784354191605,949.72607573579
17,467.5157063278024,958.4635414926394
18,513.5682544150778,996.6856787514637
19,513.0778538276973,997.0248563938435
