nframe,x0,y0
0,953.0,763.0
1,1030.6588090225096,783.0168090731086
2,911.9148297868863,832.4434026444442
3,950.2351638498471,801.3131795291424
4,927.5463816488426,686.0317758835396
5,863.1144692526253,594.961346093005
6,924.7888076680695,509.41057876693924
7,967.3648446198971,546.816065239134
8,1003.4165849429332,554.5578336056383
9,1044.0761664258935,613.341750974633
10,1085.4091415550213,727.3808496512678
11,1120.6033723767073,728.0193261658845
12,1055.9156032501762,655.4589189189519
13,849.8001382558762,731.8124383574002
14,792.1301389926723,744.2079371578382
15,861.0835554065333,648.139375071204
