nframe,x0,y0
0,698.0,580.0
1,775.6588090225173,600.0168090731155
2,656.9148297868817,649.4434026444585
3,695.235163849847,618.3131795291579
4,672.5463816488419,503.0317758835468
5,608.1144692526194,411.96134609300594
6,669.7888076680712,326.41057876693606
7,712.3648446199028,363.816065239139
8,748.4165849429427,371.5578336056484
9,789.0761664259065,430.34175097465345
