nframe,x0,y0
0,1003.0,1062.0
1,1080.6588090225096,1082.0168090731086
2,961.9148297868863,1131.4434026444442
3,1000.2351638498471,1100.3131795291424
4,977.5463816488426,985.0317758835396
5,913.1144692526253,893.961346093005
6,974.7888076680695,808.4105787669392
