nframe,x0,y0
0,1893.0,724.0
1,1970.6588090225173,744.0168090731155
2,1851.9148297868817,793.4434026444585
3,1890.2351638498471,762.3131795291579
4,1867.5463816488418,647.0317758835467
5,1803.1144692526195,555.9613460930059
6,1864.788807668071,470.41057876693606
7,1907.364844619903,507.816065239139
8,1943.4165849429426,515.5578336056484
9,1984.0761664259064,574.3417509746535
10,2025.4091415550372,688.3808496513043
11,2060.603372376727,689.0193261659255
12,1995.9156032501905,616.4589189189885
13,1789.800138255869,692.8124383574458
