nframe,x0,y0
0,292.0,759.0
1,369.6588090225095,779.0168090731086
2,250.9148297868863,828.4434026444442
3,289.23516384984714,797.3131795291424
4,266.54638164884267,682.0317758835396
5,202.11446925262533,590.961346093005
6,263.78880766806947,505.41057876693924
7,306.3648446198971,542.816065239134
8,342.41658494293324,550.5578336056383
9,383.07616642589346,609.341750974633
10,424.4091415550213,723.3808496512678
11,459.60337237670717,724.0193261658845
12,394.9156032501762,651.4589189189519
13,188.8001382558761,727.8124383574002
14,131.13013899267224,740.2079371578382
15,200.0835554065332,644.139375071204
16,230.60784354191816,709.7260757357343
17,309.51570632779647,718.4635414925779
18,355.56825441506754,756.6856787513939
19,355.0778538276868,757.0248563937738
20,355.58940201306336,757.0524560749623
21,356.17622996832006,757.9404751230925
22,357.00910323613715,757.5714592995414
23,356.502128290311,757.5554950467641
24,356.4378477798001,757.1584251632968
25,355.56859179474765,757.0244475100557
26,356.8067306565559,758.0049708297696
27,357.3571478857433,758.8449581575779
28,357.4029069733684,759.0821996825765
29,357.67612604028625,759.6369212219688
30,358.2099029416963,759.5597252436326
