nframe,x0,y0
0,702.0,111.0
1,779.6588090225096,131.01680907310856
2,660.9148297868863,180.4434026444442
3,699.2351638498471,149.31317952914242
4,676.5463816488426,34.03177588353958
5,612.1144692526253,-57.038653906994995
