nframe,x0,y0
0,1770.0,807.0
1,1847.6588090225173,827.0168090731155
2,1728.9148297868817,876.4434026444585
3,1767.2351638498471,845.3131795291579
4,1744.5463816488418,730.0317758835467
