nframe,x0,y0
0,30.0,500.0
1,107.65880902251732,520.0168090731155
2,-11.085170213118289,569.4434026444585
3,27.235163849847027,538.3131795291579
4,4.546381648841912,423.0317758835468
5,-59.88553074738054,331.96134609300594
6,1.7888076680711436,246.41057876693606
