nframe,x0,y0
0,114.0,454.0
1,191.6588090225095,474.01680907310856
2,72.9148297868863,523.4434026444442
3,111.23516384984714,492.3131795291424
4,88.54638164884264,377.0317758835396
5,24.114469252625327,285.961346093005
6,85.7888076680695,200.41057876693927
7,128.36484461989713,237.816065239134
