nframe,x0,y0
0,865.0,750.0
1,942.6588090225173,770.0168090731155
2,823.9148297868817,819.4434026444585
3,862.235163849847,788.3131795291579
4,839.5463816488419,673.0317758835467
5,775.1144692526194,581.9613460930059
6,836.7888076680712,496.41057876693606
