nframe,x0,y0
0,44.0,555.0
1,121.65880902251732,575.0168090731155
2,2.914829786881711,624.4434026444585
3,41.23516384984703,593.3131795291579
4,18.546381648841912,478.0317758835468
5,-45.88553074738054,386.96134609300594
6,15.788807668071144,301.41057876693606
7,58.36484461990281,338.816065239139
