nframe,x0,y0
0,342.0,22.0
1,419.6588090225095,42.016809073108575
2,300.9148297868863,91.4434026444442
3,339.23516384984714,60.31317952914243
4,316.54638164884267,-54.96822411646042
5,252.11446925262533,-146.038653906995
6,313.78880766806947,-231.58942123306073
7,356.3648446198971,-194.183934760866
