nframe,x0,y0
0,1600.0,384.0
1,1677.6588090225096,404.01680907310856
2,1558.9148297868862,453.4434026444442
3,1597.2351638498471,422.3131795291424
4,1574.5463816488427,307.0317758835396
5,1510.1144692526254,215.961346093005
6,1571.7888076680695,130.41057876693927
7,1614.3648446198972,167.816065239134
8,1650.4165849429332,175.55783360563825
9,1691.0761664258935,234.341750974633
10,1732.4091415550213,348.38084965126774
