nframe,x0,y0
0,150.0,769.0
1,227.65880902251732,789.0168090731155
2,108.91482978688171,838.4434026444585
3,147.23516384984703,807.3131795291579
4,124.54638164884192,692.0317758835467
5,60.11446925261946,600.9613460930059
6,121.78880766807114,515.410578766936
