nframe,x0,y0
0,972.0,1012.0
1,1049.6588090225096,1032.0168090731086
2,930.9148297868863,1081.4434026444442
3,969.2351638498471,1050.3131795291424
4,946.5463816488426,935.0317758835396
5,882.1144692526253,843.961346093005
6,943.7888076680695,758.4105787669392
7,986.3648446198971,795.816065239134
