nframe,x0,y0
0,1893.0,724.0
1,1970.6588090225096,744.0168090731086
2,1851.9148297868862,793.4434026444442
3,1890.2351638498471,762.3131795291424
4,1867.5463816488427,647.0317758835396
5,1803.1144692526254,555.961346093005
