nframe,x0,y0
0,860.0,54.0
1,937.6588090225096,74.01680907310858
2,818.9148297868863,123.4434026444442
3,857.2351638498471,92.31317952914243
4,834.5463816488426,-22.96822411646042
5,770.1144692526253,-114.038653906995
6,831.7888076680695,-199.58942123306073
7,874.3648446198971,-162.183934760866
8,910.4165849429332,-154.44216639436175
