nframe,x0,y0
0,672.0,1040.0
1,749.6588090225173,1060.0168090731154
2,630.9148297868817,1109.4434026444585
3,669.235163849847,1078.3131795291579
4,646.5463816488419,963.0317758835467
5,582.1144692526194,871.9613460930059
6,643.7888076680712,786.410578766936
7,686.3648446199028,823.816065239139
8,722.4165849429427,831.5578336056484
9,763.0761664259065,890.3417509746535
