nframe,x0,y0
0,1085.0,1014.0
1,1162.6588090225096,1034.0168090731086
2,1043.9148297868862,1083.4434026444442
3,1082.2351638498471,1052.3131795291424
4,1059.5463816488427,937.0317758835396
5,995.1144692526253,845.961346093005
6,1056.7888076680695,760.4105787669392
7,1099.3648446198972,797.816065239134
8,1135.4165849429332,805.5578336056383
9,1176.0761664258935,864.341750974633
10,1217.4091415550213,978.3808496512678
