nframe,x0,y0
0,1279.0,1043.0
1,1356.6588090225096,1063.0168090731086
2,1237.9148297868862,1112.4434026444442
3,1276.2351638498471,1081.3131795291424
4,1253.5463816488427,966.0317758835396
5,1189.1144692526254,874.961346093005
6,1250.7888076680695,789.4105787669392
7,1293.3648446198972,826.816065239134
8,1329.4165849429332,834.5578336056383
9,1370.0761664258935,893.341750974633
10,1411.4091415550213,1007.3808496512678
11,1446.6033723767073,1008.0193261658845
