nframe,x0,y0
0,953.0,763.0
1,1030.6588090225173,783.0168090731155
2,911.9148297868817,832.4434026444585
3,950.235163849847,801.3131795291579
4,927.5463816488419,686.0317758835467
5,863.1144692526194,594.9613460930059
