nframe,x0,y0
0,1244.0,328.0
1,1321.6588090225173,348.01680907311544
2,1202.9148297868817,397.4434026444585
3,1241.2351638498471,366.3131795291579
4,1218.5463816488418,251.0317758835468
5,1154.1144692526195,159.96134609300594
