nframe,x0,y0
0,272.0,709.0
1,349.6588090225173,729.0168090731155
2,230.9148297868817,778.4434026444585
3,269.235163849847,747.3131795291579
4,246.5463816488419,632.0317758835467
5,182.11446925261947,540.9613460930059
6,243.78880766807114,455.41057876693606
