nframe,x0,y0
0,1597.0,704.0
1,1674.6588090225096,724.0168090731086
2,1555.9148297868862,773.4434026444442
3,1594.2351638498471,742.3131795291424
4,1571.5463816488427,627.0317758835396
5,1507.1144692526254,535.961346093005
