nframe,x0,y0
0,1326.0,450.0
1,1403.6588090225096,470.01680907310856
2,1284.9148297868862,519.4434026444442
3,1323.2351638498471,488.3131795291424
4,1300.5463816488427,373.0317758835396
5,1236.1144692526254,281.961346093005
