nframe,x0,y0
0,1876.0,577.0
1,1953.6588090225096,597.0168090731086
2,1834.9148297868862,646.4434026444442
3,1873.2351638498471,615.3131795291424
4,1850.5463816488427,500.0317758835396
5,1786.1144692526254,408.961346093005
6,1847.7888076680695,323.41057876693924
7,1890.3648446198972,360.816065239134
8,1926.4165849429332,368.5578336056383
9,1967.0761664258935,427.341750974633
10,2008.4091415550213,541.3808496512678
