nframe,x0,y0
0,1287.0,334.0
1,1364.6588090225173,354.01680907311544
2,1245.9148297868817,403.4434026444585
3,1284.2351638498471,372.3131795291579
4,1261.5463816488418,257.0317758835468
5,1197.1144692526195,165.96134609300594
