nframe,x0,y0
0,1634.0,750.0
1,1711.6588090225173,770.0168090731155
2,1592.9148297868817,819.4434026444585
3,1631.2351638498471,788.3131795291579
4,1608.5463816488418,673.0317758835467
5,1544.1144692526195,581.9613460930059
6,1605.788807668071,496.41057876693606
7,1648.364844619903,533.816065239139
8,1684.4165849429426,541.5578336056484
9,1725.0761664259064,600.3417509746535
10,1766.4091415550372,714.3808496513043
11,1801.6033723767268,715.0193261659255
12,1736.9156032501905,642.4589189189885
