nframe,x0,y0
0,1304.0,80.0
1,1381.6588090225173,100.01680907311547
2,1262.9148297868817,149.4434026444585
3,1301.2351638498471,118.3131795291579
4,1278.5463816488418,3.0317758835468
