nframe,x0,y0
0,624.0,1009.0
1,701.6588090225096,1029.0168090731086
2,582.9148297868863,1078.4434026444442
3,621.2351638498471,1047.3131795291424
4,598.5463816488426,932.0317758835396
