nframe,x0,y0
0,915.0,190.0
1,992.6588090225096,210.01680907310856
2,873.9148297868863,259.4434026444442
3,912.2351638498471,228.31317952914242
4,889.5463816488426,113.03177588353958
5,825.1144692526253,21.961346093005005
6,886.7888076680695,-63.58942123306073
7,929.3648446198971,-26.18393476086601
8,965.4165849429332,-18.44216639436175
9,1006.0761664258935,40.34175097463299
10,1047.4091415550213,154.38084965126774
11,1082.6033723767073,155.01932616588454
12,1017.9156032501762,82.45891891895195
