nframe,x0,y0
0,1597.0,704.0
1,1674.6588090225173,724.0168090731155
2,1555.9148297868817,773.4434026444585
3,1594.2351638498471,742.3131795291579
4,1571.5463816488418,627.0317758835467
5,1507.1144692526195,535.9613460930059
6,1568.788807668071,450.41057876693606
7,1611.364844619903,487.816065239139
8,1647.4165849429426,495.5578336056484
9,1688.0761664259064,554.3417509746535
10,1729.4091415550372,668.3808496513043
11,1764.6033723767268,669.0193261659255
12,1699.9156032501905,596.4589189189885
