nframe,x0,y0
0,638.0,234.0
1,715.6588090225173,254.01680907311547
2,596.9148297868817,303.4434026444585
3,635.235163849847,272.3131795291579
4,612.5463816488419,157.0317758835468
5,548.1144692526194,65.96134609300594
