nframe,x0,y0
0,1251.0,894.0
1,1328.6588090225096,914.0168090731086
2,1209.9148297868862,963.4434026444442
3,1248.2351638498471,932.3131795291424
4,1225.5463816488427,817.0317758835396
5,1161.1144692526254,725.961346093005
