nframe,x0,y0
0,1484.0,978.0
1,1561.6588090225173,998.0168090731155
2,1442.9148297868817,1047.4434026444585
3,1481.2351638498471,1016.3131795291579
4,1458.5463816488418,901.0317758835467
5,1394.1144692526195,809.9613460930059
6,1455.788807668071,724.410578766936
