nframe,x0,y0
0,344.0,604.0
1,421.6588090225173,624.0168090731155
2,302.9148297868817,673.4434026444585
3,341.235163849847,642.3131795291579
4,318.54638164884193,527.0317758835467
