nframe,x0,y0
0,1751.0,80.0
1,1828.6588090225096,100.01680907310858
2,1709.9148297868862,149.4434026444442
3,1748.2351638498471,118.31317952914243
4,1725.5463816488427,3.0317758835395807
5,1661.1144692526254,-88.038653906995
6,1722.7888076680695,-173.58942123306073
7,1765.3648446198972,-136.183934760866
8,1801.4165849429332,-128.44216639436175
9,1842.0761664258935,-69.65824902536701
