nframe,x0,y0
0,256.0,13.0
1,333.6588090225173,33.01680907311546
2,214.9148297868817,82.44340264445852
3,253.23516384984703,51.3131795291579
4,230.5463816488419,-63.9682241164532
5,166.11446925261947,-155.03865390699406
6,227.78880766807114,-240.58942123306394
7,270.3648446199028,-203.183934760861
8,306.4165849429427,-195.44216639435163
9,347.07616642590654,-136.65824902534652
