nframe,x0,y0
0,344.0,604.0
1,421.6588090225095,624.0168090731086
2,302.9148297868863,673.4434026444442
3,341.23516384984714,642.3131795291424
4,318.54638164884267,527.0317758835396
5,254.11446925262533,435.961346093005
6,315.78880766806947,350.41057876693924
7,358.3648446198971,387.816065239134
