nframe,x0,y0
0,181.0,52.0
1,258.6588090225095,72.01680907310858
2,139.9148297868863,121.4434026444442
3,178.23516384984714,90.31317952914243
4,155.54638164884264,-24.96822411646042
5,91.11446925262533,-116.038653906995
6,152.7888076680695,-201.58942123306073
