nframe,x0,y0
0,1675.0,576.0
1,1752.6588090225173,596.0168090731155
2,1633.9148297868817,645.4434026444585
3,1672.2351638498471,614.3131795291579
4,1649.5463816488418,499.0317758835468
5,1585.1144692526195,407.96134609300594
