nframe,x0,y0
0,48.0,649.0
1,125.6588090225095,669.0168090731086
2,6.914829786886301,718.4434026444442
3,45.23516384984714,687.3131795291424
4,22.546381648842644,572.0317758835396
5,-41.88553074737467,480.961346093005
6,19.788807668069488,395.41057876693924
7,62.36484461989712,432.816065239134
