nframe,x0,y0
0,1893.0,724.0
1,1970.6588090225173,744.0168090731155
2,1851.9148297868817,793.4434026444585
3,1890.2351638498471,762.3131795291579
4,1867.5463816488418,647.0317758835467
