nframe,x0,y0
0,1060.0,603.0
1,1137.6588090225096,623.0168090731086
2,1018.9148297868863,672.4434026444442
3,1057.2351638498471,641.3131795291424
4,1034.5463816488427,526.0317758835396
5,970.1144692526253,434.961346093005
6,1031.7888076680695,349.41057876693924
7,1074.3648446198972,386.816065239134
8,1110.4165849429332,394.5578336056383
9,1151.0761664258935,453.341750974633
10,1192.4091415550213,567.3808496512678
11,1227.6033723767073,568.0193261658845
12,1162.9156032501762,495.45891891895195
