nframe,x0,y0
0,1277.0,1061.0
1,1354.6588090225096,1081.0168090731086
2,1235.9148297868862,1130.4434026444442
3,1274.2351638498471,1099.3131795291424
4,1251.5463816488427,984.0317758835396
5,1187.1144692526254,892.961346093005
6,1248.7888076680695,807.4105787669392
7,1291.3648446198972,844.816065239134
8,1327.4165849429332,852.5578336056383
9,1368.0761664258935,911.341750974633
10,1409.4091415550213,1025.3808496512677
11,1444.6033723767073,1026.0193261658844
12,1379.9156032501762,953.4589189189519
13,1173.8001382558762,1029.8124383574002
14,1116.1301389926723,1042.2079371578382
15,1185.0835554065332,946.139375071204
16,1215.607843541918,1011.7260757357343
17,1294.5157063277966,1020.4635414925779
18,1340.5682544150675,1058.6856787513939
19,1340.0778538276868,1059.0248563937737
20,1340.5894020130634,1059.0524560749623
21,1341.17622996832,1059.9404751230925
22,1342.0091032361372,1059.5714592995414
23,1341.502128290311,1059.5554950467642
24,1341.4378477798,1059.158425163297
