nframe,x0,y0
0,1701.0,200.0
1,1778.6588090225173,220.01680907311547
2,1659.9148297868817,269.4434026444585
3,1698.2351638498471,238.3131795291579
4,1675.5463816488418,123.0317758835468
5,1611.1144692526195,31.961346093005943
