nframe,x0,y0
0,1115.0,575.0
1,1192.6588090225096,595.0168090731086
2,1073.9148297868862,644.4434026444442
3,1112.2351638498471,613.3131795291424
4,1089.5463816488427,498.0317758835396
