nframe,x0,y0
0,818.0,156.0
1,895.6588090225096,176.01680907310856
2,776.9148297868863,225.4434026444442
3,815.2351638498471,194.31317952914242
4,792.5463816488426,79.03177588353958
5,728.1144692526253,-12.038653906994995
6,789.7888076680695,-97.58942123306073
7,832.3648446198971,-60.18393476086601
8,868.4165849429332,-52.44216639436175
9,909.0761664258935,6.341750974632987
10,950.4091415550213,120.38084965126775
11,985.6033723767072,121.01932616588454
12,920.9156032501762,48.45891891895195
13,714.8001382558762,124.81243835740023
14,657.1301389926723,137.2079371578381
15,726.0835554065333,41.13937507120397
16,756.6078435419182,106.72607573573427
17,835.5157063277965,115.46354149257789
18,881.5682544150676,153.68567875139382
19,881.0778538276868,154.02485639377375
