nframe,x0,y0
0,244.0,260.0
1,321.6588090225173,280.01680907311544
2,202.9148297868817,329.4434026444585
3,241.23516384984703,298.3131795291579
4,218.5463816488419,183.0317758835468
5,154.11446925261947,91.96134609300594
6,215.78880766807114,6.410578766936055
7,258.3648446199028,43.81606523913899
8,294.4165849429427,51.55783360564837
9,335.07616642590654,110.34175097465348
