nframe,x0,y0
0,1669.0,271.0
1,1746.6588090225096,291.01680907310856
2,1627.9148297868862,340.4434026444442
3,1666.2351638498471,309.3131795291424
4,1643.5463816488427,194.03177588353958
5,1579.1144692526254,102.961346093005
6,1640.7888076680695,17.410578766939267
