nframe,x0,y0
0,972.0,1012.0
1,1049.6588090225173,1032.0168090731154
2,930.9148297868817,1081.4434026444585
3,969.235163849847,1050.3131795291579
4,946.5463816488419,935.0317758835467
