nframe,x0,y0
0,48.0,649.0
1,125.65880902251732,669.0168090731155
2,6.914829786881711,718.4434026444585
3,45.23516384984703,687.3131795291579
4,22.546381648841912,572.0317758835467
5,-41.88553074738054,480.96134609300594
