nframe,x0,y0
0,118.0,214.0
1,195.6588090225095,234.01680907310856
2,76.9148297868863,283.4434026444442
3,115.23516384984714,252.31317952914242
4,92.54638164884264,137.03177588353958
5,28.114469252625327,45.961346093005005
6,89.7888076680695,-39.58942123306073
7,132.36484461989713,-2.183934760866009
8,168.4165849429332,5.557833605638251
9,209.0761664258935,64.34175097463299
10,250.40914155502128,178.38084965126774
