nframe,x0,y0
0,90.0,544.0
1,167.6588090225095,564.0168090731086
2,48.9148297868863,613.4434026444442
3,87.23516384984714,582.3131795291424
4,64.54638164884264,467.0317758835396
5,0.11446925262532659,375.961346093005
6,61.78880766806949,290.41057876693924
7,104.36484461989713,327.816065239134
8,140.4165849429332,335.5578336056383
9,181.0761664258935,394.341750974633
10,222.40914155502128,508.38084965126774
11,257.60337237670717,509.01932616588454
12,192.91560325017622,436.45891891895195
