nframe,x0,y0
0,1680.0,206.0
1,1757.6588090225173,226.01680907311547
2,1638.9148297868817,275.4434026444585
3,1677.2351638498471,244.3131795291579
4,1654.5463816488418,129.0317758835468
5,1590.1144692526195,37.96134609300594
6,1651.788807668071,-47.589421233063945
7,1694.364844619903,-10.183934760861007
8,1730.4165849429426,-2.4421663943516307
9,1771.0761664259064,56.34175097465348
10,1812.4091415550372,170.3808496513043
11,1847.6033723767268,171.01932616592543
12,1782.9156032501905,98.45891891898847
13,1576.800138255869,174.81243835744579
14,1519.1301389926593,187.20793715788807
15,1588.0835554065286,91.1393750712488
16,1618.607843541916,156.72607573579006
