nframe,x0,y0
0,790.0,828.0
1,867.6588090225096,848.0168090731086
2,748.9148297868863,897.4434026444442
3,787.2351638498471,866.3131795291424
4,764.5463816488426,751.0317758835396
5,700.1144692526253,659.961346093005
6,761.7888076680695,574.4105787669392
7,804.3648446198971,611.816065239134
8,840.4165849429332,619.5578336056383
