nframe,x0,y0
0,860.0,54.0
1,937.6588090225173,74.01680907311547
2,818.9148297868817,123.44340264445852
3,857.235163849847,92.3131795291579
4,834.5463816488419,-22.9682241164532
5,770.1144692526194,-114.03865390699406
6,831.7888076680712,-199.58942123306394
7,874.3648446199028,-162.183934760861
8,910.4165849429427,-154.44216639435163
9,951.0761664259065,-95.65824902534652
