nframe,x0,y0
0,150.0,769.0
1,227.6588090225095,789.0168090731086
2,108.9148297868863,838.4434026444442
3,147.23516384984714,807.3131795291424
4,124.54638164884264,692.0317758835396
5,60.11446925262533,600.961346093005
6,121.7888076680695,515.4105787669392
