nframe,x0,y0
0,1484.0,978.0
1,1561.6588090225096,998.0168090731086
2,1442.9148297868862,1047.4434026444442
3,1481.2351638498471,1016.3131795291424
4,1458.5463816488427,901.0317758835396
5,1394.1144692526254,809.961346093005
6,1455.7888076680695,724.4105787669392
7,1498.3648446198972,761.816065239134
