nframe,x0,y0
0,169.0,980.0
1,246.65880902251732,1000.0168090731155
2,127.91482978688171,1049.4434026444585
3,166.23516384984703,1018.3131795291579
4,143.5463816488419,903.0317758835467
5,79.11446925261946,811.9613460930059
6,140.78880766807114,726.410578766936
7,183.3648446199028,763.816065239139
