nframe,x0,y0
0,744.0,349.0
1,821.6588090225096,369.01680907310856
2,702.9148297868863,418.4434026444442
3,741.2351638498471,387.3131795291424
4,718.5463816488426,272.0317758835396
5,654.1144692526253,180.961346093005
6,715.7888076680695,95.41057876693927
7,758.3648446198971,132.816065239134
