nframe,x0,y0
0,1122.0,234.0
1,1199.6588090225096,254.01680907310856
2,1080.9148297868862,303.4434026444442
3,1119.2351638498471,272.3131795291424
4,1096.5463816488427,157.03177588353958
