nframe,x0,y0
0,48.0,645.0
1,125.65880902251732,665.0168090731155
2,6.914829786881711,714.4434026444585
3,45.23516384984703,683.3131795291579
4,22.546381648841912,568.0317758835467
5,-41.88553074738054,476.96134609300594
6,19.788807668071144,391.41057876693606
7,62.36484461990281,428.816065239139
8,98.41658494294266,436.5578336056484
