nframe,x0,y0
0,1085.0,1014.0
1,1162.6588090225096,1034.0168090731086
2,1043.9148297868862,1083.4434026444442
3,1082.2351638498471,1052.3131795291424
4,1059.5463816488427,937.0317758835396
