nframe,x0,y0
0,1348.0,169.0
1,1425.6588090225096,189.01680907310856
2,1306.9148297868862,238.4434026444442
3,1345.2351638498471,207.31317952914242
4,1322.5463816488427,92.03177588353958
5,1258.1144692526254,0.9613460930050053
