nframe,x0,y0
0,1593.0,958.0
1,1670.6588090225096,978.0168090731086
2,1551.9148297868862,1027.4434026444442
3,1590.2351638498471,996.3131795291424
4,1567.5463816488427,881.0317758835396
5,1503.1144692526254,789.961346093005
6,1564.7888076680695,704.4105787669392
7,1607.3648446198972,741.816065239134
8,1643.4165849429332,749.5578336056383
