nframe,x0,y0
0,325.0,18.0
1,402.6588090225173,38.01680907311546
2,283.9148297868817,87.44340264445852
3,322.235163849847,56.3131795291579
4,299.54638164884193,-58.9682241164532
5,235.11446925261947,-150.03865390699406
6,296.7888076680712,-235.58942123306394
7,339.3648446199028,-198.183934760861
8,375.4165849429427,-190.44216639435163
9,416.07616642590654,-131.65824902534652
10,457.4091415550373,-17.61915034869571
11,492.60337237672695,-16.980673834074572
12,427.9156032501906,-89.54108108101153
13,221.8001382558689,-13.1875616425542
14,164.13013899265923,-0.7920628421119282
15,233.0835554065286,-96.8606249287512
16,263.60784354191605,-31.273924264209953
17,342.5157063278024,-22.536458507360585
18,388.5682544150779,15.685678751463705
19,388.0778538276972,16.024856393843468
20,388.5894020130736,16.052456075031913
21,389.1762299683302,16.94047512316182
22,390.009103236147,16.571459299610872
23,389.5021282903209,16.55549504683356
24,389.43784777980994,16.15842516336631
25,388.56859179475765,16.02444751012517
26,389.8067306565656,17.004970829838726
27,390.35714788575297,17.844958157646776
28,390.402906973378,18.082199682645186
29,390.67612604029574,18.636921222037213
30,391.20990294170565,18.55972524370103
31,389.1008094637805,19.177340583944197
32,389.20673918930953,20.49393786966018
33,387.1061174118886,18.70192518310272
34,388.48389531431326,19.261617537383927
35,387.0935761561741,17.05214735151664
36,387.3818496904478,16.716393149102586
37,388.28959695265763,16.885765912827196
38,388.02181116135694,17.547844277497465
39,387.6020881722088,20.513989581549936
40,409.41218214533296,13.644207100677885
41,406.9169038488595,8.993592685235264
42,409.98279296313615,11.164949938417783
43,406.0451417335616,11.78209724579747
44,395.2022482442949,23.0278588704634
45,408.4664314671533,34.69358607390665
46,408.27465051883183,59.37578698219332
47,416.638070242687,67.1571278385081
48,413.9618111893844,61.74756048114262
49,412.7318432615746,57.50641343575274
50,426.25118840790117,58.69347829858448
51,418.64725327649364,58.59032251853536
52,426.60054274789695,52.253847711130966
