nframe,x0,y0
0,1003.0,1062.0
1,1080.6588090225096,1082.0168090731086
2,961.9148297868863,1131.4434026444442
3,1000.2351638498471,1100.3131795291424
4,977.5463816488426,985.0317758835396
5,913.1144692526253,893.961346093005
6,974.7888076680695,808.4105787669392
7,1017.3648446198971,845.816065239134
8,1053.4165849429332,853.5578336056383
9,1094.0761664258935,912.341750974633
10,1135.4091415550213,1026.3808496512677
11,1170.6033723767073,1027.0193261658844
12,1105.9156032501762,954.4589189189519
