nframe,x0,y0
0,30.0,500.0
1,107.6588090225095,520.0168090731086
2,-11.085170213113699,569.4434026444442
3,27.23516384984714,538.3131795291424
4,4.546381648842644,423.0317758835396
