nframe,x0,y0
0,292.0,759.0
1,369.6588090225095,779.0168090731086
2,250.9148297868863,828.4434026444442
3,289.23516384984714,797.3131795291424
4,266.54638164884267,682.0317758835396
5,202.11446925262533,590.961346093005
6,263.78880766806947,505.41057876693924
7,306.3648446198971,542.816065239134
8,342.41658494293324,550.5578336056383
9,383.07616642589346,609.341750974633
