nframe,x0,y0
0,966.0,506.0
1,1043.6588090225173,526.0168090731155
2,924.9148297868817,575.4434026444585
3,963.235163849847,544.3131795291579
4,940.5463816488419,429.0317758835468
5,876.1144692526194,337.96134609300594
6,937.7888076680712,252.41057876693606
7,980.3648446199028,289.816065239139
