nframe,x0,y0
0,246.0,924.0
1,323.6588090225095,944.0168090731086
2,204.9148297868863,993.4434026444442
3,243.23516384984714,962.3131795291424
4,220.54638164884264,847.0317758835396
5,156.11446925262533,755.961346093005
6,217.7888076680695,670.4105787669392
