nframe,x0,y0
0,1313.0,48.0
1,1390.6588090225173,68.01680907311547
2,1271.9148297868817,117.44340264445852
3,1310.2351638498471,86.3131795291579
4,1287.5463816488418,-28.9682241164532
5,1223.1144692526195,-120.03865390699406
6,1284.788807668071,-205.58942123306394
7,1327.364844619903,-168.183934760861
