nframe,x0,y0
0,543.0,380.0
1,620.6588090225096,400.01680907310856
2,501.9148297868863,449.4434026444442
3,540.2351638498471,418.3131795291424
4,517.5463816488426,303.0317758835396
5,453.1144692526253,211.961346093005
