nframe,x0,y0
0,818.0,156.0
1,895.6588090225096,176.01680907310856
2,776.9148297868863,225.4434026444442
3,815.2351638498471,194.31317952914242
4,792.5463816488426,79.03177588353958
5,728.1144692526253,-12.038653906994995
6,789.7888076680695,-97.58942123306073
7,832.3648446198971,-60.18393476086601
