nframe,x0,y0
0,320.0,13.0
1,397.6588090225095,33.016809073108575
2,278.9148297868863,82.4434026444442
3,317.23516384984714,51.31317952914243
4,294.54638164884267,-63.96822411646042
5,230.11446925262533,-155.038653906995
6,291.78880766806947,-240.58942123306073
7,334.3648446198971,-203.183934760866
8,370.41658494293324,-195.44216639436175
