nframe,x0,y0
0,48.0,649.0
1,125.65880902251732,669.0168090731155
2,6.914829786881711,718.4434026444585
3,45.23516384984703,687.3131795291579
4,22.546381648841912,572.0317758835467
5,-41.88553074738054,480.96134609300594
6,19.788807668071144,395.41057876693606
7,62.36484461990281,432.816065239139
8,98.41658494294266,440.5578336056484
9,139.07616642590654,499.34175097465345
10,180.40914155503728,613.3808496513043
