nframe,x0,y0
0,138.0,732.0
1,215.6588090225095,752.0168090731086
2,96.9148297868863,801.4434026444442
3,135.23516384984714,770.3131795291424
4,112.54638164884264,655.0317758835396
5,48.11446925262533,563.961346093005
6,109.7888076680695,478.41057876693924
7,152.36484461989713,515.816065239134
8,188.4165849429332,523.5578336056383
9,229.0761664258935,582.341750974633
10,270.4091415550213,696.3808496512678
11,305.60337237670717,697.0193261658845
12,240.91560325017622,624.4589189189519
