nframe,x0,y0
0,1555.0,957.0
1,1632.6588090225173,977.0168090731155
2,1513.9148297868817,1026.4434026444585
3,1552.2351638498471,995.3131795291579
4,1529.5463816488418,880.0317758835467
5,1465.1144692526195,788.9613460930059
6,1526.788807668071,703.410578766936
7,1569.364844619903,740.816065239139
8,1605.4165849429426,748.5578336056484
9,1646.0761664259064,807.3417509746535
