nframe,x0,y0
0,118.0,214.0
1,195.65880902251732,234.01680907311547
2,76.91482978688171,283.4434026444585
3,115.23516384984703,252.3131795291579
4,92.54638164884192,137.0317758835468
