nframe,x0,y0
0,1704.0,202.0
1,1781.6588090225173,222.01680907311547
2,1662.9148297868817,271.4434026444585
3,1701.2351638498471,240.3131795291579
4,1678.5463816488418,125.0317758835468
5,1614.1144692526195,33.96134609300594
6,1675.788807668071,-51.589421233063945
7,1718.364844619903,-14.183934760861007
8,1754.4165849429426,-6.442166394351631
