nframe,x0,y0
0,1316.0,1040.0
1,1393.6588090225096,1060.0168090731086
2,1274.9148297868862,1109.4434026444442
3,1313.2351638498471,1078.3131795291424
4,1290.5463816488427,963.0317758835396
5,1226.1144692526254,871.961346093005
