nframe,x0,y0
0,915.0,190.0
1,992.6588090225173,210.01680907311547
2,873.9148297868817,259.4434026444585
3,912.235163849847,228.3131795291579
4,889.5463816488419,113.0317758835468
5,825.1144692526194,21.961346093005943
