nframe,x0,y0
0,1656.0,992.0
1,1733.6588090225173,1012.0168090731155
2,1614.9148297868817,1061.4434026444585
3,1653.2351638498471,1030.3131795291579
4,1630.5463816488418,915.0317758835467
5,1566.1144692526195,823.9613460930059
6,1627.788807668071,738.410578766936
7,1670.364844619903,775.816065239139
