nframe,x0,y0
0,731.0,896.0
1,808.6588090225173,916.0168090731155
2,689.9148297868817,965.4434026444585
3,728.235163849847,934.3131795291579
4,705.5463816488419,819.0317758835467
5,641.1144692526194,727.9613460930059
6,702.7888076680712,642.410578766936
7,745.3648446199028,679.816065239139
8,781.4165849429427,687.5578336056484
9,822.0761664259065,746.3417509746535
10,863.4091415550373,860.3808496513043
11,898.603372376727,861.0193261659255
12,833.9156032501905,788.4589189189885
