nframe,x0,y0
0,1283.0,89.0
1,1360.6588090225173,109.01680907311547
2,1241.9148297868817,158.4434026444585
3,1280.2351638498471,127.3131795291579
4,1257.5463816488418,12.0317758835468
5,1193.1144692526195,-79.03865390699406
6,1254.788807668071,-164.58942123306394
7,1297.364844619903,-127.183934760861
