nframe,x0,y0
0,1115.0,575.0
1,1192.6588090225173,595.0168090731155
2,1073.9148297868817,644.4434026444585
3,1112.2351638498471,613.3131795291579
4,1089.5463816488418,498.0317758835468
5,1025.1144692526195,406.96134609300594
