nframe,x0,y0
0,1700.0,831.0
1,1777.6588090225096,851.0168090731086
2,1658.9148297868862,900.4434026444442
3,1697.2351638498471,869.3131795291424
4,1674.5463816488427,754.0317758835396
