nframe,x0,y0
0,470.0,326.0
1,547.6588090225173,346.01680907311544
2,428.9148297868817,395.4434026444585
3,467.235163849847,364.3131795291579
4,444.54638164884193,249.0317758835468
5,380.1144692526195,157.96134609300594
6,441.7888076680712,72.41057876693606
7,484.3648446199028,109.816065239139
8,520.4165849429427,117.55783360564837
9,561.0761664259065,176.34175097465348
