nframe,x0,y0
0,1481.0,1048.0
1,1558.6588090225173,1068.0168090731154
2,1439.9148297868817,1117.4434026444585
3,1478.2351638498471,1086.3131795291579
4,1455.5463816488418,971.0317758835467
5,1391.1144692526195,879.9613460930059
