nframe,x0,y0
0,794.0,1002.0
1,871.6588090225173,1022.0168090731155
2,752.9148297868817,1071.4434026444585
3,791.235163849847,1040.3131795291579
4,768.5463816488419,925.0317758835467
5,704.1144692526194,833.9613460930059
6,765.7888076680712,748.410578766936
