nframe,x0,y0
0,356.0,626.0
1,433.6588090225095,646.0168090731086
2,314.9148297868863,695.4434026444442
3,353.23516384984714,664.3131795291424
4,330.54638164884267,549.0317758835396
