nframe,x0,y0
0,1778.0,107.0
1,1855.6588090225096,127.01680907310858
2,1736.9148297868862,176.4434026444442
3,1775.2351638498471,145.31317952914242
4,1752.5463816488427,30.03177588353958
5,1688.1144692526254,-61.038653906994995
6,1749.7888076680695,-146.58942123306073
7,1792.3648446198972,-109.18393476086601
8,1828.4165849429332,-101.44216639436175
9,1869.0761664258935,-42.65824902536701
10,1910.4091415550213,71.38084965126775
