nframe,x0,y0
0,1012.0,986.0
1,1089.6588090225173,1006.0168090731155
2,970.9148297868817,1055.4434026444585
3,1009.235163849847,1024.3131795291579
4,986.5463816488419,909.0317758835467
5,922.1144692526194,817.9613460930059
