nframe,x0,y0
0,1806.0,854.0
1,1883.6588090225173,874.0168090731155
2,1764.9148297868817,923.4434026444585
3,1803.2351638498471,892.3131795291579
4,1780.5463816488418,777.0317758835467
