nframe,x0,y0
0,92.0,52.0
1,169.65880902251732,72.01680907311547
2,50.91482978688171,121.44340264445852
3,89.23516384984703,90.3131795291579
4,66.54638164884192,-24.9682241164532
5,2.1144692526194575,-116.03865390699406
6,63.788807668071144,-201.58942123306394
7,106.36484461990281,-164.183934760861
8,142.41658494294268,-156.44216639435163
9,183.07616642590654,-97.65824902534652
10,224.40914155503728,16.38084965130429
11,259.60337237672695,17.019326165925428
12,194.9156032501906,-55.54108108101153
13,-11.199861744131127,20.8124383574458
14,-68.86986100734077,33.20793715788807
15,0.08355540652860327,-62.86062492875119
16,30.607843541916026,2.7260757357900474
17,109.5157063278024,11.463541492639415
18,155.5682544150779,49.685678751463705
