nframe,x0,y0
0,93.0,158.0
1,170.65880902251732,178.01680907311547
2,51.91482978688171,227.4434026444585
3,90.23516384984703,196.3131795291579
4,67.54638164884192,81.0317758835468
