nframe,x0,y0
0,1782.0,114.0
1,1859.6588090225173,134.01680907311547
2,1740.9148297868817,183.4434026444585
3,1779.2351638498471,152.3131795291579
4,1756.5463816488418,37.0317758835468
5,1692.1144692526195,-54.03865390699406
6,1753.788807668071,-139.58942123306394
