nframe,x0,y0
0,989.0,695.0
1,1066.6588090225173,715.0168090731155
2,947.9148297868817,764.4434026444585
3,986.235163849847,733.3131795291579
4,963.5463816488419,618.0317758835467
5,899.1144692526194,526.9613460930059
6,960.7888076680712,441.41057876693606
7,1003.3648446199028,478.816065239139
