nframe,x0,y0
0,1704.0,202.0
1,1781.6588090225096,222.01680907310856
2,1662.9148297868862,271.4434026444442
3,1701.2351638498471,240.31317952914242
4,1678.5463816488427,125.03177588353958
5,1614.1144692526254,33.961346093005005
6,1675.7888076680695,-51.58942123306073
7,1718.3648446198972,-14.18393476086601
8,1754.4165849429332,-6.442166394361749
9,1795.0761664258935,52.34175097463299
10,1836.4091415550213,166.38084965126774
