nframe,x0,y0
0,272.0,709.0
1,349.6588090225095,729.0168090731086
2,230.9148297868863,778.4434026444442
3,269.23516384984714,747.3131795291424
4,246.54638164884264,632.0317758835396
5,182.11446925262533,540.961346093005
6,243.7888076680695,455.41057876693924
7,286.3648446198971,492.816065239134
8,322.41658494293324,500.5578336056383
9,363.07616642589346,559.341750974633
10,404.4091415550213,673.3808496512678
11,439.60337237670717,674.0193261658845
12,374.9156032501762,601.4589189189519
13,168.8001382558761,677.8124383574002
14,111.13013899267224,690.2079371578382
15,180.0835554065332,594.139375071204
16,210.60784354191816,659.7260757357343
17,289.51570632779647,668.4635414925779
18,335.56825441506754,706.6856787513939
19,335.0778538276868,707.0248563937738
