nframe,x0,y0
0,26.0,870.0
1,103.65880902251732,890.0168090731155
2,-15.085170213118289,939.4434026444585
3,23.235163849847027,908.3131795291579
4,0.546381648841912,793.0317758835467
5,-63.88553074738054,701.9613460930059
6,-2.2111923319288564,616.410578766936
7,40.36484461990281,653.816065239139
