nframe,x0,y0
0,465.0,133.0
1,542.6588090225173,153.01680907311547
2,423.9148297868817,202.4434026444585
3,462.235163849847,171.3131795291579
4,439.54638164884193,56.0317758835468
5,375.1144692526195,-35.03865390699406
6,436.7888076680712,-120.58942123306394
7,479.3648446199028,-83.183934760861
8,515.4165849429427,-75.44216639435163
9,556.0761664259065,-16.65824902534652
10,597.4091415550373,97.38084965130429
