nframe,x0,y0
0,1508.0,16.0
1,1585.6588090225173,36.01680907311546
2,1466.9148297868817,85.44340264445852
3,1505.2351638498471,54.3131795291579
4,1482.5463816488418,-60.9682241164532
