nframe,x0,y0
0,1044.0,1068.0
1,1121.6588090225096,1088.0168090731086
2,1002.9148297868863,1137.4434026444442
3,1041.2351638498471,1106.3131795291424
4,1018.5463816488426,991.0317758835396
5,954.1144692526253,899.961346093005
6,1015.7888076680695,814.4105787669392
