nframe,x0,y0
0,44.0,555.0
1,121.6588090225095,575.0168090731086
2,2.914829786886301,624.4434026444442
3,41.23516384984714,593.3131795291424
4,18.546381648842644,478.0317758835396
5,-45.88553074737467,386.961346093005
6,15.788807668069488,301.41057876693924
