nframe,x0,y0
0,144.0,920.0
1,221.6588090225095,940.0168090731086
2,102.9148297868863,989.4434026444442
3,141.23516384984714,958.3131795291424
4,118.54638164884264,843.0317758835396
