nframe,x0,y0
0,1415.0,298.0
1,1492.6588090225173,318.01680907311544
2,1373.9148297868817,367.4434026444585
3,1412.2351638498471,336.3131795291579
4,1389.5463816488418,221.0317758835468
5,1325.1144692526195,129.96134609300594
