nframe,x0,y0
0,1316.0,1040.0
1,1393.6588090225173,1060.0168090731154
2,1274.9148297868817,1109.4434026444585
3,1313.2351638498471,1078.3131795291579
4,1290.5463816488418,963.0317758835467
5,1226.1144692526195,871.9613460930059
6,1287.788807668071,786.410578766936
7,1330.364844619903,823.816065239139
