nframe,x0,y0
0,1884.0,624.0
1,1961.6588090225173,644.0168090731155
2,1842.9148297868817,693.4434026444585
3,1881.2351638498471,662.3131795291579
4,1858.5463816488418,547.0317758835467
5,1794.1144692526195,455.96134609300594
