nframe,x0,y0
0,672.0,1040.0
1,749.6588090225096,1060.0168090731086
2,630.9148297868863,1109.4434026444442
3,669.2351638498471,1078.3131795291424
4,646.5463816488426,963.0317758835396
5,582.1144692526253,871.961346093005
6,643.7888076680695,786.4105787669392
7,686.3648446198971,823.816065239134
8,722.4165849429332,831.5578336056383
9,763.0761664258935,890.341750974633
10,804.4091415550213,1004.3808496512678
11,839.6033723767072,1005.0193261658845
12,774.9156032501762,932.4589189189519
