nframe,x0,y0
0,529.0,580.0
1,606.6588090225173,600.0168090731155
2,487.9148297868817,649.4434026444585
3,526.235163849847,618.3131795291579
4,503.54638164884193,503.0317758835468
5,439.1144692526195,411.96134609300594
6,500.7888076680712,326.41057876693606
7,543.3648446199028,363.816065239139
8,579.4165849429427,371.5578336056484
9,620.0761664259065,430.34175097465345
10,661.4091415550373,544.3808496513043
11,696.603372376727,545.0193261659255
12,631.9156032501905,472.4589189189885
13,425.8001382558689,548.8124383574458
14,368.1301389926592,561.2079371578881
15,437.0835554065286,465.1393750712488
