nframe,x0,y0
0,1572.0,148.0
1,1649.6588090225096,168.01680907310856
2,1530.9148297868862,217.4434026444442
3,1569.2351638498471,186.31317952914242
4,1546.5463816488427,71.03177588353958
5,1482.1144692526254,-20.038653906994995
6,1543.7888076680695,-105.58942123306073
