nframe,x0,y0
0,1251.0,894.0
1,1328.6588090225173,914.0168090731155
2,1209.9148297868817,963.4434026444585
3,1248.2351638498471,932.3131795291579
4,1225.5463816488418,817.0317758835467
5,1161.1144692526195,725.9613460930059
6,1222.788807668071,640.410578766936
7,1265.364844619903,677.816065239139
8,1301.4165849429426,685.5578336056484
9,1342.0761664259064,744.3417509746535
10,1383.4091415550372,858.3808496513043
11,1418.6033723767268,859.0193261659255
12,1353.9156032501905,786.4589189189885
13,1147.800138255869,862.8124383574458
