nframe,x0,y0
0,163.0,534.0
1,240.65880902251732,554.0168090731155
2,121.91482978688171,603.4434026444585
3,160.23516384984703,572.3131795291579
4,137.5463816488419,457.0317758835468
