nframe,x0,y0
0,1690.0,138.0
1,1767.6588090225173,158.01680907311547
2,1648.9148297868817,207.4434026444585
3,1687.2351638498471,176.3131795291579
4,1664.5463816488418,61.0317758835468
5,1600.1144692526195,-30.038653906994057
6,1661.788807668071,-115.58942123306394
7,1704.364844619903,-78.183934760861
8,1740.4165849429426,-70.44216639435163
9,1781.0761664259064,-11.658249025346521
10,1822.4091415550372,102.38084965130429
11,1857.6033723767268,103.01932616592543
12,1792.9156032501905,30.458918918988473
13,1586.800138255869,106.8124383574458
14,1529.1301389926593,119.20793715788807
15,1598.0835554065286,23.139375071248807
16,1628.607843541916,88.72607573579005
17,1707.5157063278025,97.46354149263942
18,1753.568254415078,135.6856787514637
19,1753.0778538276973,136.02485639384346
20,1753.5894020130736,136.05245607503193
21,1754.1762299683303,136.94047512316183
22,1755.009103236147,136.57145929961086
