nframe,x0,y0
0,519.0,229.0
1,596.6588090225096,249.01680907310856
2,477.9148297868863,298.4434026444442
3,516.2351638498471,267.3131795291424
4,493.54638164884267,152.03177588353958
5,429.1144692526253,60.961346093005005
6,490.78880766806947,-24.589421233060733
7,533.3648446198971,12.81606523913399
8,569.4165849429332,20.55783360563825
9,610.0761664258935,79.34175097463299
