nframe,x0,y0
0,1244.0,328.0
1,1321.6588090225096,348.01680907310856
2,1202.9148297868862,397.4434026444442
3,1241.2351638498471,366.3131795291424
4,1218.5463816488427,251.03177588353958
