nframe,x0,y0
0,1122.0,234.0
1,1199.6588090225173,254.01680907311547
2,1080.9148297868817,303.4434026444585
3,1119.2351638498471,272.3131795291579
4,1096.5463816488418,157.0317758835468
5,1032.1144692526195,65.96134609300594
6,1093.788807668071,-19.589421233063945
7,1136.364844619903,17.816065239138993
8,1172.4165849429426,25.55783360564837
9,1213.0761664259064,84.34175097465348
10,1254.4091415550372,198.3808496513043
11,1289.6033723767268,199.01932616592543
12,1224.9156032501905,126.45891891898847
13,1018.8001382558689,202.81243835744579
14,961.1301389926592,215.20793715788807
15,1030.0835554065286,119.1393750712488
16,1060.607843541916,184.72607573579006
17,1139.5157063278025,193.46354149263942
18,1185.568254415078,231.6856787514637
19,1185.0778538276973,232.02485639384346
20,1185.5894020130736,232.05245607503193
21,1186.1762299683303,232.94047512316183
22,1187.009103236147,232.57145929961086
23,1186.5021282903208,232.55549504683356
24,1186.43784777981,232.1584251633663
25,1185.5685917947576,232.02444751012516
26,1186.8067306565656,233.00497082983873
27,1187.357147885753,233.84495815764677
28,1187.4029069733779,234.08219968264518
29,1187.6761260402957,234.63692122203722
30,1188.2099029417056,234.55972524370102
31,1186.1008094637805,235.1773405839442
32,1186.2067391893095,236.4939378696602
33,1184.1061174118886,234.70192518310273
34,1185.4838953143133,235.26161753738393
35,1184.093576156174,233.05214735151665
36,1184.3818496904478,232.71639314910257
37,1185.2895969526576,232.8857659128272
38,1185.021811161357,233.54784427749746
39,1184.6020881722088,236.51398958154994
40,1206.412182145333,229.64420710067787
