nframe,x0,y0
0,1414.0,978.0
1,1491.6588090225173,998.0168090731155
2,1372.9148297868817,1047.4434026444585
3,1411.2351638498471,1016.3131795291579
4,1388.5463816488418,901.0317758835467
5,1324.1144692526195,809.9613460930059
6,1385.788807668071,724.410578766936
7,1428.364844619903,761.816065239139
8,1464.4165849429426,769.5578336056484
9,1505.0761664259064,828.3417509746535
10,1546.4091415550372,942.3808496513043
11,1581.6033723767268,943.0193261659255
12,1516.9156032501905,870.4589189189885
13,1310.800138255869,946.8124383574458
14,1253.1301389926593,959.2079371578881
15,1322.0835554065286,863.1393750712488
16,1352.607843541916,928.72607573579
17,1431.5157063278025,937.4635414926394
18,1477.568254415078,975.6856787514637
19,1477.0778538276973,976.0248563938435
20,1477.5894020130736,976.052456075032
21,1478.1762299683303,976.9404751231618
22,1479.009103236147,976.5714592996109
23,1478.5021282903208,976.5554950468336
24,1478.43784777981,976.1584251633664
25,1477.5685917947576,976.0244475101251
26,1478.8067306565656,977.0049708298387
27,1479.357147885753,977.8449581576468
28,1479.4029069733779,978.0821996826452
29,1479.6761260402957,978.6369212220372
30,1480.2099029417056,978.559725243701
31,1478.1008094637805,979.1773405839442
