nframe,x0,y0
0,150.0,769.0
1,227.65880902251732,789.0168090731155
2,108.91482978688171,838.4434026444585
3,147.23516384984703,807.3131795291579
4,124.54638164884192,692.0317758835467
5,60.11446925261946,600.9613460930059
6,121.78880766807114,515.410578766936
7,164.3648446199028,552.816065239139
8,200.41658494294268,560.5578336056484
9,241.07616642590654,619.3417509746535
10,282.4091415550373,733.3808496513043
11,317.60337237672695,734.0193261659255
12,252.9156032501906,661.4589189189885
13,46.80013825586887,737.8124383574458
