nframe,x0,y0
0,218.0,160.0
1,295.6588090225095,180.01680907310856
2,176.9148297868863,229.4434026444442
3,215.23516384984714,198.31317952914242
4,192.54638164884264,83.03177588353958
5,128.11446925262533,-8.038653906994995
6,189.7888076680695,-93.58942123306073
