nframe,x0,y0
0,1609.0,426.0
1,1686.6588090225173,446.01680907311544
2,1567.9148297868817,495.4434026444585
3,1606.2351638498471,464.3131795291579
4,1583.5463816488418,349.0317758835468
5,1519.1144692526195,257.96134609300594
6,1580.788807668071,172.41057876693606
7,1623.364844619903,209.816065239139
8,1659.4165849429426,217.55783360564837
9,1700.0761664259064,276.34175097465345
10,1741.4091415550372,390.3808496513043
11,1776.6033723767268,391.0193261659254
12,1711.9156032501905,318.4589189189885
13,1505.800138255869,394.8124383574458
14,1448.1301389926593,407.20793715788807
15,1517.0835554065286,311.1393750712488
16,1547.607843541916,376.72607573579006
17,1626.5157063278025,385.4635414926394
18,1672.568254415078,423.6856787514637
19,1672.0778538276973,424.0248563938435
20,1672.5894020130736,424.0524560750319
