nframe,x0,y0
0,26.0,870.0
1,103.6588090225095,890.0168090731086
2,-15.085170213113699,939.4434026444442
3,23.23516384984714,908.3131795291424
4,0.5463816488426438,793.0317758835396
