nframe,x0,y0
0,450.0,999.0
1,527.6588090225173,1019.0168090731155
2,408.9148297868817,1068.4434026444585
3,447.235163849847,1037.3131795291579
4,424.54638164884193,922.0317758835467
