nframe,x0,y0
0,1668.0,1012.0
1,1745.6588090225096,1032.0168090731086
2,1626.9148297868862,1081.4434026444442
3,1665.2351638498471,1050.3131795291424
4,1642.5463816488427,935.0317758835396
5,1578.1144692526254,843.961346093005
6,1639.7888076680695,758.4105787669392
7,1682.3648446198972,795.816065239134
8,1718.4165849429332,803.5578336056383
9,1759.0761664258935,862.341750974633
