nframe,x0,y0
0,818.0,156.0
1,895.6588090225173,176.01680907311547
2,776.9148297868817,225.4434026444585
3,815.235163849847,194.3131795291579
4,792.5463816488419,79.0317758835468
5,728.1144692526194,-12.038653906994057
6,789.7888076680712,-97.58942123306394
7,832.3648446199028,-60.18393476086101
