nframe,x0,y0
0,768.0,840.0
1,845.6588090225173,860.0168090731155
2,726.9148297868817,909.4434026444585
3,765.235163849847,878.3131795291579
4,742.5463816488419,763.0317758835467
5,678.1144692526194,671.9613460930059
6,739.7888076680712,586.410578766936
7,782.3648446199028,623.816065239139
