nframe,x0,y0
0,234.0,910.0
1,311.6588090225173,930.0168090731155
2,192.9148297868817,979.4434026444585
3,231.23516384984703,948.3131795291579
4,208.5463816488419,833.0317758835467
5,144.11446925261947,741.9613460930059
