nframe,x0,y0
0,1680.0,206.0
1,1757.6588090225096,226.01680907310856
2,1638.9148297868862,275.4434026444442
3,1677.2351638498471,244.31317952914242
4,1654.5463816488427,129.03177588353958
