nframe,x0,y0
0,400.0,295.0
1,477.6588090225095,315.01680907310856
2,358.9148297868863,364.4434026444442
3,397.23516384984714,333.3131795291424
4,374.54638164884267,218.03177588353958
5,310.1144692526253,126.961346093005
6,371.78880766806947,41.41057876693927
