nframe,x0,y0
0,768.0,840.0
1,845.6588090225096,860.0168090731086
2,726.9148297868863,909.4434026444442
3,765.2351638498471,878.3131795291424
4,742.5463816488426,763.0317758835396
5,678.1144692526253,671.961346093005
6,739.7888076680695,586.4105787669392
7,782.3648446198971,623.816065239134
8,818.4165849429332,631.5578336056383
9,859.0761664258935,690.341750974633
10,900.4091415550213,804.3808496512678
11,935.6033723767072,805.0193261658845
