nframe,x0,y0
0,661.0,360.0
1,738.6588090225096,380.01680907310856
2,619.9148297868863,429.4434026444442
3,658.2351638498471,398.3131795291424
4,635.5463816488426,283.0317758835396
5,571.1144692526253,191.961346093005
6,632.7888076680695,106.41057876693927
7,675.3648446198971,143.816065239134
8,711.4165849429332,151.55783360563825
9,752.0761664258935,210.341750974633
10,793.4091415550213,324.38084965126774
