nframe,x0,y0
0,686.0,230.0
1,763.6588090225173,250.01680907311547
2,644.9148297868817,299.4434026444585
3,683.235163849847,268.3131795291579
4,660.5463816488419,153.0317758835468
5,596.1144692526194,61.96134609300594
6,657.7888076680712,-23.589421233063945
