nframe,x0,y0
0,1594.0,672.0
1,1671.6588090225173,692.0168090731155
2,1552.9148297868817,741.4434026444585
3,1591.2351638498471,710.3131795291579
4,1568.5463816488418,595.0317758835467
