nframe,x0,y0
0,1555.0,957.0
1,1632.6588090225096,977.0168090731086
2,1513.9148297868862,1026.4434026444442
3,1552.2351638498471,995.3131795291424
4,1529.5463816488427,880.0317758835396
5,1465.1144692526254,788.961346093005
