nframe,x0,y0
0,144.0,920.0
1,221.65880902251732,940.0168090731155
2,102.91482978688171,989.4434026444585
3,141.23516384984703,958.3131795291579
4,118.54638164884192,843.0317758835467
5,54.11446925261946,751.9613460930059
6,115.78880766807114,666.410578766936
7,158.3648446199028,703.816065239139
8,194.41658494294268,711.5578336056484
9,235.07616642590654,770.3417509746535
10,276.4091415550373,884.3808496513043
11,311.60337237672695,885.0193261659255
12,246.9156032501906,812.4589189189885
13,40.80013825586887,888.8124383574458
14,-16.869861007340774,901.2079371578881
15,52.0835554065286,805.1393750712488
16,82.60784354191603,870.72607573579
17,161.5157063278024,879.4635414926394
18,207.5682544150779,917.6856787514637
19,207.0778538276972,918.0248563938435
20,207.5894020130736,918.052456075032
21,208.1762299683302,918.9404751231618
22,209.00910323614698,918.5714592996109
