nframe,x0,y0
0,356.0,626.0
1,433.6588090225173,646.0168090731155
2,314.9148297868817,695.4434026444585
3,353.235163849847,664.3131795291579
4,330.54638164884193,549.0317758835467
5,266.1144692526195,457.96134609300594
