nframe,x0,y0
0,1534.0,598.0
1,1611.6588090225173,618.0168090731155
2,1492.9148297868817,667.4434026444585
3,1531.2351638498471,636.3131795291579
4,1508.5463816488418,521.0317758835467
5,1444.1144692526195,429.96134609300594
6,1505.788807668071,344.41057876693606
7,1548.364844619903,381.816065239139
8,1584.4165849429426,389.5578336056484
9,1625.0761664259064,448.34175097465345
