nframe,x0,y0
0,1767.0,392.0
1,1844.6588090225096,412.01680907310856
2,1725.9148297868862,461.4434026444442
3,1764.2351638498471,430.3131795291424
4,1741.5463816488427,315.0317758835396
5,1677.1144692526254,223.961346093005
6,1738.7888076680695,138.41057876693927
7,1781.3648446198972,175.816065239134
