nframe,x0,y0
0,408.0,1054.0
1,485.6588090225173,1074.0168090731154
2,366.9148297868817,1123.4434026444585
3,405.235163849847,1092.3131795291579
4,382.54638164884193,977.0317758835467
5,318.1144692526195,885.9613460930059
6,379.7888076680712,800.410578766936
7,422.3648446199028,837.816065239139
8,458.4165849429427,845.5578336056484
9,499.07616642590654,904.3417509746535
10,540.4091415550373,1018.3808496513043
11,575.603372376727,1019.0193261659255
12,510.9156032501906,946.4589189189885
