nframe,x0,y0
0,1646.0,1043.0
1,1723.6588090225096,1063.0168090731086
2,1604.9148297868862,1112.4434026444442
3,1643.2351638498471,1081.3131795291424
4,1620.5463816488427,966.0317758835396
