nframe,x0,y0
0,1840.0,792.0
1,1917.6588090225096,812.0168090731086
2,1798.9148297868862,861.4434026444442
3,1837.2351638498471,830.3131795291424
4,1814.5463816488427,715.0317758835396
5,1750.1144692526254,623.961346093005
6,1811.7888076680695,538.4105787669392
7,1854.3648446198972,575.816065239134
8,1890.4165849429332,583.5578336056383
9,1931.0761664258935,642.341750974633
10,1972.4091415550213,756.3808496512678
11,2007.6033723767073,757.0193261658845
12,1942.9156032501762,684.4589189189519
13,1736.8001382558762,760.8124383574002
14,1679.1301389926723,773.2079371578382
15,1748.0835554065332,677.139375071204
16,1778.607843541918,742.7260757357343
17,1857.5157063277966,751.4635414925779
18,1903.5682544150675,789.6856787513939
19,1903.0778538276868,790.0248563937738
20,1903.5894020130634,790.0524560749623
