nframe,x0,y0
0,1702.0,582.0
1,1779.6588090225096,602.0168090731086
2,1660.9148297868862,651.4434026444442
3,1699.2351638498471,620.3131795291424
4,1676.5463816488427,505.0317758835396
