nframe,x0,y0
0,1767.0,454.0
1,1844.6588090225173,474.01680907311544
2,1725.9148297868817,523.4434026444585
3,1764.2351638498471,492.3131795291579
4,1741.5463816488418,377.0317758835468
5,1677.1144692526195,285.96134609300594
6,1738.788807668071,200.41057876693606
7,1781.364844619903,237.816065239139
8,1817.4165849429426,245.55783360564837
9,1858.0761664259064,304.34175097465345
10,1899.4091415550372,418.3808496513043
