nframe,x0,y0
0,936.0,170.0
1,1013.6588090225096,190.01680907310856
2,894.9148297868863,239.4434026444442
3,933.2351638498471,208.31317952914242
4,910.5463816488426,93.03177588353958
5,846.1144692526253,1.9613460930050053
6,907.7888076680695,-83.58942123306073
7,950.3648446198971,-46.18393476086601
