nframe,x0,y0
0,1012.0,986.0
1,1089.6588090225173,1006.0168090731155
2,970.9148297868817,1055.4434026444585
3,1009.235163849847,1024.3131795291579
4,986.5463816488419,909.0317758835467
5,922.1144692526194,817.9613460930059
6,983.7888076680712,732.410578766936
7,1026.364844619903,769.816065239139
8,1062.4165849429426,777.5578336056484
9,1103.0761664259064,836.3417509746535
10,1144.4091415550372,950.3808496513043
11,1179.6033723767268,951.0193261659255
12,1114.9156032501905,878.4589189189885
13,908.8001382558689,954.8124383574458
14,851.1301389926592,967.2079371578881
15,920.0835554065286,871.1393750712488
16,950.607843541916,936.72607573579
17,1029.5157063278025,945.4635414926394
18,1075.568254415078,983.6856787514637
19,1075.0778538276973,984.0248563938435
20,1075.5894020130736,984.052456075032
21,1076.1762299683303,984.9404751231618
22,1077.009103236147,984.5714592996109
23,1076.5021282903208,984.5554950468336
