nframe,x0,y0
0,1782.0,114.0
1,1859.6588090225096,134.01680907310856
2,1740.9148297868862,183.4434026444442
3,1779.2351638498471,152.31317952914242
4,1756.5463816488427,37.03177588353958
