nframe,x0,y0
0,1572.0,148.0
1,1649.6588090225173,168.01680907311547
2,1530.9148297868817,217.4434026444585
3,1569.2351638498471,186.3131795291579
4,1546.5463816488418,71.0317758835468
