nframe,x0,y0
0,262.0,877.0
1,339.6588090225095,897.0168090731086
2,220.9148297868863,946.4434026444442
3,259.23516384984714,915.3131795291424
4,236.54638164884264,800.0317758835396
5,172.11446925262533,708.961346093005
6,233.7888076680695,623.4105787669392
