nframe,x0,y0
0,234.0,910.0
1,311.6588090225095,930.0168090731086
2,192.9148297868863,979.4434026444442
3,231.23516384984714,948.3131795291424
4,208.54638164884264,833.0317758835396
5,144.11446925262533,741.961346093005
6,205.7888076680695,656.4105787669392
7,248.36484461989713,693.816065239134
8,284.41658494293324,701.5578336056383
9,325.07616642589346,760.341750974633
