nframe,x0,y0
0,1891.0,659.0
1,1968.6588090225096,679.0168090731086
2,1849.9148297868862,728.4434026444442
3,1888.2351638498471,697.3131795291424
4,1865.5463816488427,582.0317758835396
5,1801.1144692526254,490.961346093005
