nframe,x0,y0
0,915.0,190.0
1,992.6588090225096,210.01680907310856
2,873.9148297868863,259.4434026444442
3,912.2351638498471,228.31317952914242
4,889.5463816488426,113.03177588353958
