nframe,x0,y0
0,1244.0,328.0
1,1321.6588090225173,348.01680907311544
2,1202.9148297868817,397.4434026444585
3,1241.2351638498471,366.3131795291579
4,1218.5463816488418,251.0317758835468
5,1154.1144692526195,159.96134609300594
6,1215.788807668071,74.41057876693606
7,1258.364844619903,111.816065239139
8,1294.4165849429426,119.55783360564837
9,1335.0761664259064,178.34175097465348
10,1376.4091415550372,292.3808496513043
11,1411.6033723767268,293.0193261659254
12,1346.9156032501905,220.45891891898847
13,1140.800138255869,296.8124383574458
