nframe,x0,y0
0,1668.0,1012.0
1,1745.6588090225173,1032.0168090731154
2,1626.9148297868817,1081.4434026444585
3,1665.2351638498471,1050.3131795291579
4,1642.5463816488418,935.0317758835467
5,1578.1144692526195,843.9613460930059
6,1639.788807668071,758.410578766936
7,1682.364844619903,795.816065239139
8,1718.4165849429426,803.5578336056484
9,1759.0761664259064,862.3417509746535
