nframe,x0,y0
0,1534.0,598.0
1,1611.6588090225096,618.0168090731086
2,1492.9148297868862,667.4434026444442
3,1531.2351638498471,636.3131795291424
4,1508.5463816488427,521.0317758835396
5,1444.1144692526254,429.961346093005
