nframe,x0,y0
0,1656.0,370.0
1,1733.6588090225096,390.01680907310856
2,1614.9148297868862,439.4434026444442
3,1653.2351638498471,408.3131795291424
4,1630.5463816488427,293.0317758835396
5,1566.1144692526254,201.961346093005
