nframe,x0,y0
0,698.0,580.0
1,775.6588090225096,600.0168090731086
2,656.9148297868863,649.4434026444442
3,695.2351638498471,618.3131795291424
4,672.5463816488426,503.0317758835396
5,608.1144692526253,411.961346093005
6,669.7888076680695,326.41057876693924
