nframe,x0,y0
0,1222.0,136.0
1,1299.6588090225173,156.01680907311547
2,1180.9148297868817,205.4434026444585
3,1219.2351638498471,174.3131795291579
4,1196.5463816488418,59.0317758835468
