nframe,x0,y0
0,1854.0,705.0
1,1931.6588090225096,725.0168090731086
2,1812.9148297868862,774.4434026444442
3,1851.2351638498471,743.3131795291424
4,1828.5463816488427,628.0317758835396
5,1764.1144692526254,536.961346093005
6,1825.7888076680695,451.41057876693924
7,1868.3648446198972,488.816065239134
8,1904.4165849429332,496.5578336056383
9,1945.0761664258935,555.341750974633
