nframe,x0,y0
0,218.0,160.0
1,295.6588090225173,180.01680907311547
2,176.9148297868817,229.4434026444585
3,215.23516384984703,198.3131795291579
4,192.5463816488419,83.0317758835468
5,128.11446925261947,-8.038653906994057
6,189.78880766807114,-93.58942123306394
7,232.3648446199028,-56.18393476086101
8,268.4165849429427,-48.44216639435163
