nframe,x0,y0
0,48.0,645.0
1,125.6588090225095,665.0168090731086
2,6.914829786886301,714.4434026444442
3,45.23516384984714,683.3131795291424
4,22.546381648842644,568.0317758835396
5,-41.88553074737467,476.961346093005
