nframe,x0,y0
0,580.0,765.0
1,657.6588090225096,785.0168090731086
2,538.9148297868863,834.4434026444442
3,577.2351638498471,803.3131795291424
4,554.5463816488426,688.0317758835396
5,490.1144692526253,596.961346093005
6,551.7888076680695,511.41057876693924
