nframe,x0,y0
0,22.0,920.0
1,99.65880902251732,940.0168090731155
2,-19.08517021311829,989.4434026444585
3,19.235163849847027,958.3131795291579
4,-3.453618351158088,843.0317758835467
