nframe,x0,y0
0,698.0,580.0
1,775.6588090225096,600.0168090731086
2,656.9148297868863,649.4434026444442
3,695.2351638498471,618.3131795291424
4,672.5463816488426,503.0317758835396
5,608.1144692526253,411.961346093005
6,669.7888076680695,326.41057876693924
7,712.3648446198971,363.816065239134
8,748.4165849429332,371.5578336056383
9,789.0761664258935,430.341750974633
10,830.4091415550213,544.3808496512678
11,865.6033723767072,545.0193261658845
12,800.9156032501762,472.45891891895195
