nframe,x0,y0
0,994.0,68.0
1,1071.6588090225096,88.01680907310858
2,952.9148297868863,137.4434026444442
3,991.2351638498471,106.31317952914243
4,968.5463816488426,-8.96822411646042
5,904.1144692526253,-100.038653906995
6,965.7888076680695,-185.58942123306073
7,1008.3648446198971,-148.183934760866
