nframe,x0,y0
0,1634.0,970.0
1,1711.6588090225096,990.0168090731086
2,1592.9148297868862,1039.4434026444442
3,1631.2351638498471,1008.3131795291424
4,1608.5463816488427,893.0317758835396
5,1544.1144692526254,801.961346093005
