nframe,x0,y0
0,1778.0,107.0
1,1855.6588090225096,127.01680907310858
2,1736.9148297868862,176.4434026444442
3,1775.2351638498471,145.31317952914242
4,1752.5463816488427,30.03177588353958
5,1688.1144692526254,-61.038653906994995
