nframe,x0,y0
0,1893.0,661.0
1,1970.6588090225173,681.0168090731155
2,1851.9148297868817,730.4434026444585
3,1890.2351638498471,699.3131795291579
4,1867.5463816488418,584.0317758835467
5,1803.1144692526195,492.96134609300594
6,1864.788807668071,407.41057876693606
7,1907.364844619903,444.816065239139
8,1943.4165849429426,452.5578336056484
9,1984.0761664259064,511.34175097465345
