nframe,x0,y0
0,1656.0,992.0
1,1733.6588090225096,1012.0168090731086
2,1614.9148297868862,1061.4434026444442
3,1653.2351638498471,1030.3131795291424
4,1630.5463816488427,915.0317758835396
