nframe,x0,y0
0,1704.0,202.0
1,1781.6588090225096,222.01680907310856
2,1662.9148297868862,271.4434026444442
3,1701.2351638498471,240.31317952914242
4,1678.5463816488427,125.03177588353958
