nframe,x0,y0
0,752.0,27.0
1,829.6588090225173,47.01680907311546
2,710.9148297868817,96.44340264445852
3,749.235163849847,65.3131795291579
4,726.5463816488419,-49.9682241164532
5,662.1144692526194,-141.03865390699406
