nframe,x0,y0
0,218.0,160.0
1,295.6588090225095,180.01680907310856
2,176.9148297868863,229.4434026444442
3,215.23516384984714,198.31317952914242
4,192.54638164884264,83.03177588353958
5,128.11446925262533,-8.038653906994995
6,189.7888076680695,-93.58942123306073
7,232.36484461989713,-56.18393476086601
8,268.41658494293324,-48.44216639436175
9,309.07616642589346,10.341750974632987
10,350.4091415550213,124.38084965126775
11,385.60337237670717,125.01932616588454
12,320.9156032501762,52.45891891895195
13,114.80013825587612,128.81243835740023
14,57.130138992672244,141.2079371578381
15,126.08355540653322,45.13937507120397
16,156.60784354191816,110.72607573573427
17,235.51570632779647,119.46354149257789
18,281.56825441506754,157.68567875139382
19,281.0778538276868,158.02485639377375
20,281.58940201306336,158.05245607496224
21,282.17622996832006,158.94047512309248
22,283.00910323613715,158.57145929954143
23,282.502128290311,158.55549504676415
24,282.4378477798001,158.15842516329678
25,281.56859179474765,158.02444751005564
26,282.8067306565559,159.00497082976958
27,283.3571478857433,159.84495815757796
28,283.4029069733684,160.0821996825765
29,283.67612604028625,160.63692122196875
30,284.2099029416963,160.55972524363256
