nframe,x0,y0
0,1774.0,54.0
1,1851.6588090225096,74.01680907310858
2,1732.9148297868862,123.4434026444442
3,1771.2351638498471,92.31317952914243
4,1748.5463816488427,-22.96822411646042
5,1684.1144692526254,-114.038653906995
6,1745.7888076680695,-199.58942123306073
7,1788.3648446198972,-162.183934760866
8,1824.4165849429332,-154.44216639436175
9,1865.0761664258935,-95.65824902536701
10,1906.4091415550213,18.380849651267752
11,1941.6033723767073,19.01932616588453
12,1876.9156032501762,-53.54108108104805
13,1670.8001382558762,22.812438357400225
14,1613.1301389926723,35.2079371578381
15,1682.0835554065332,-60.86062492879603
