nframe,x0,y0
0,1751.0,80.0
1,1828.6588090225173,100.01680907311547
2,1709.9148297868817,149.4434026444585
3,1748.2351638498471,118.3131795291579
4,1725.5463816488418,3.0317758835468
5,1661.1144692526195,-88.03865390699406
6,1722.788807668071,-173.58942123306394
7,1765.364844619903,-136.183934760861
8,1801.4165849429426,-128.44216639435163
9,1842.0761664259064,-69.65824902534652
10,1883.4091415550372,44.38084965130429
