nframe,x0,y0
0,1856.0,538.0
1,1933.6588090225096,558.0168090731086
2,1814.9148297868862,607.4434026444442
3,1853.2351638498471,576.3131795291424
4,1830.5463816488427,461.0317758835396
