nframe,x0,y0
0,1656.0,992.0
1,1733.6588090225096,1012.0168090731086
2,1614.9148297868862,1061.4434026444442
3,1653.2351638498471,1030.3131795291424
4,1630.5463816488427,915.0317758835396
5,1566.1144692526254,823.961346093005
6,1627.7888076680695,738.4105787669392
7,1670.3648446198972,775.816065239134
8,1706.4165849429332,783.5578336056383
9,1747.0761664258935,842.341750974633
10,1788.4091415550213,956.3808496512678
11,1823.6033723767073,957.0193261658845
12,1758.9156032501762,884.4589189189519
13,1552.8001382558762,960.8124383574002
14,1495.1301389926723,973.2079371578382
15,1564.0835554065332,877.139375071204
16,1594.607843541918,942.7260757357343
17,1673.5157063277966,951.4635414925779
18,1719.5682544150675,989.6856787513939
19,1719.0778538276868,990.0248563937738
20,1719.5894020130634,990.0524560749623
21,1720.17622996832,990.9404751230925
22,1721.0091032361372,990.5714592995414
23,1720.502128290311,990.5554950467641
24,1720.4378477798,990.1584251632968
25,1719.5685917947476,990.0244475100557
26,1720.8067306565558,991.0049708297696
27,1721.3571478857434,991.8449581575779
28,1721.4029069733683,992.0821996825765
29,1721.6761260402861,992.6369212219688
30,1722.2099029416963,992.5597252436326
31,1720.1008094637696,993.1773405838761
32,1720.2067391892995,994.493937869593
33,1718.106117411876,992.7019251830337
34,1719.4838953143023,993.261617537315
35,1718.0935761561616,991.0521473514455
36,1718.3818496904355,990.7163931490308
37,1719.2895969526464,990.8857659127552
38,1719.021811161346,991.5478442774257
