nframe,x0,y0
0,92.0,52.0
1,169.65880902251732,72.01680907311547
2,50.91482978688171,121.44340264445852
3,89.23516384984703,90.3131795291579
4,66.54638164884192,-24.9682241164532
5,2.1144692526194575,-116.03865390699406
6,63.788807668071144,-201.58942123306394
7,106.36484461990281,-164.183934760861
