nframe,x0,y0
0,1488.0,742.0
1,1565.6588090225096,762.0168090731086
2,1446.9148297868862,811.4434026444442
3,1485.2351638498471,780.3131795291424
4,1462.5463816488427,665.0317758835396
