nframe,x0,y0
0,1279.0,1043.0
1,1356.6588090225173,1063.0168090731154
2,1237.9148297868817,1112.4434026444585
3,1276.2351638498471,1081.3131795291579
4,1253.5463816488418,966.0317758835467
5,1189.1144692526195,874.9613460930059
6,1250.788807668071,789.410578766936
7,1293.364844619903,826.816065239139
