nframe,x0,y0
0,685.0,468.0
1,762.6588090225096,488.01680907310856
2,643.9148297868863,537.4434026444442
3,682.2351638498471,506.3131795291424
4,659.5463816488426,391.0317758835396
5,595.1144692526253,299.961346093005
6,656.7888076680695,214.41057876693927
7,699.3648446198971,251.816065239134
8,735.4165849429332,259.5578336056383
9,776.0761664258935,318.341750974633
10,817.4091415550213,432.38084965126774
11,852.6033723767072,433.01932616588454
