nframe,x0,y0
0,340.0,741.0
1,417.6588090225095,761.0168090731086
2,298.9148297868863,810.4434026444442
3,337.23516384984714,779.3131795291424
4,314.54638164884267,664.0317758835396
5,250.11446925262533,572.961346093005
