nframe,x0,y0
0,1893.0,724.0
1,1970.6588090225096,744.0168090731086
2,1851.9148297868862,793.4434026444442
3,1890.2351638498471,762.3131795291424
4,1867.5463816488427,647.0317758835396
5,1803.1144692526254,555.961346093005
6,1864.7888076680695,470.41057876693924
7,1907.3648446198972,507.816065239134
8,1943.4165849429332,515.5578336056383
9,1984.0761664258935,574.341750974633
