nframe,x0,y0
0,1690.0,138.0
1,1767.6588090225096,158.01680907310856
2,1648.9148297868862,207.4434026444442
3,1687.2351638498471,176.31317952914242
4,1664.5463816488427,61.03177588353958
5,1600.1144692526254,-30.038653906994995
6,1661.7888076680695,-115.58942123306073
