nframe,x0,y0
0,1157.0,126.0
1,1234.6588090225096,146.01680907310856
2,1115.9148297868862,195.4434026444442
3,1154.2351638498471,164.31317952914242
4,1131.5463816488427,49.03177588353958
5,1067.1144692526254,-42.038653906994995
6,1128.7888076680695,-127.58942123306073
7,1171.3648446198972,-90.18393476086601
8,1207.4165849429332,-82.44216639436175
