nframe,x0,y0
0,1348.0,169.0
1,1425.6588090225173,189.01680907311547
2,1306.9148297868817,238.4434026444585
3,1345.2351638498471,207.3131795291579
4,1322.5463816488418,92.0317758835468
5,1258.1144692526195,0.9613460930059432
6,1319.788807668071,-84.58942123306394
7,1362.364844619903,-47.18393476086101
