nframe,x0,y0
0,1484.0,824.0
1,1561.6588090225173,844.0168090731155
2,1442.9148297868817,893.4434026444585
3,1481.2351638498471,862.3131795291579
4,1458.5463816488418,747.0317758835467
5,1394.1144692526195,655.9613460930059
6,1455.788807668071,570.410578766936
7,1498.364844619903,607.816065239139
8,1534.4165849429426,615.5578336056484
9,1575.0761664259064,674.3417509746535
10,1616.4091415550372,788.3808496513043
