nframe,x0,y0
0,1176.0,82.0
1,1253.6588090225173,102.01680907311547
2,1134.9148297868817,151.4434026444585
3,1173.2351638498471,120.3131795291579
4,1150.5463816488418,5.0317758835468
