nframe,x0,y0
0,90.0,544.0
1,167.6588090225095,564.0168090731086
2,48.9148297868863,613.4434026444442
3,87.23516384984714,582.3131795291424
4,64.54638164884264,467.0317758835396
5,0.11446925262532659,375.961346093005
6,61.78880766806949,290.41057876693924
7,104.36484461989713,327.816065239134
8,140.4165849429332,335.5578336056383
9,181.0761664258935,394.341750974633
10,222.40914155502128,508.38084965126774
11,257.60337237670717,509.01932616588454
12,192.91560325017622,436.45891891895195
13,-13.19986174412388,512.8124383574002
14,-70.86986100732776,525.2079371578382
15,-1.9164445934667782,429.139375071204
16,28.60784354191817,494.7260757357343
17,107.51570632779648,503.46354149257786
18,153.56825441506757,541.6856787513939
19,153.0778538276868,542.0248563937738
20,153.58940201306336,542.0524560749623
21,154.17622996832006,542.9404751230925
22,155.00910323613715,542.5714592995414
23,154.50212829031102,542.5554950467641
24,154.4378477798001,542.1584251632968
25,153.56859179474765,542.0244475100557
26,154.80673065655589,543.0049708297696
27,155.3571478857433,543.8449581575779
28,155.40290697336837,544.0821996825765
29,155.67612604028625,544.6369212219688
30,156.2099029416963,544.5597252436326
31,154.10080946376962,545.1773405838761
32,154.20673918929936,546.493937869593
33,152.1061174118761,544.7019251830337
34,153.4838953143024,545.261617537315
35,152.09357615616148,543.0521473514455
36,152.38184969043553,542.7163931490308
37,153.28959695264646,542.8857659127552
38,153.02181116134597,543.5478442774257
39,152.60208817219853,546.5139895814807
40,174.41218214532591,539.6442071006044
41,171.916903848851,534.9935926851623
