nframe,x0,y0
0,1828.0,514.0
1,1905.6588090225173,534.0168090731155
2,1786.9148297868817,583.4434026444585
3,1825.2351638498471,552.3131795291579
4,1802.5463816488418,437.0317758835468
