nframe,x0,y0
0,1768.0,294.0
1,1845.6588090225173,314.01680907311544
2,1726.9148297868817,363.4434026444585
3,1765.2351638498471,332.3131795291579
4,1742.5463816488418,217.0317758835468
5,1678.1144692526195,125.96134609300594
