nframe,x0,y0
0,496.0,362.0
1,573.6588090225173,382.01680907311544
2,454.9148297868817,431.4434026444585
3,493.235163849847,400.3131795291579
4,470.54638164884193,285.0317758835468
5,406.1144692526195,193.96134609300594
6,467.7888076680712,108.41057876693606
7,510.3648446199028,145.816065239139
