nframe,x0,y0
0,758.0,732.0
1,835.6588090225096,752.0168090731086
2,716.9148297868863,801.4434026444442
3,755.2351638498471,770.3131795291424
4,732.5463816488426,655.0317758835396
5,668.1144692526253,563.961346093005
6,729.7888076680695,478.41057876693924
7,772.3648446198971,515.816065239134
