nframe,x0,y0
0,1668.0,1012.0
1,1745.6588090225096,1032.0168090731086
2,1626.9148297868862,1081.4434026444442
3,1665.2351638498471,1050.3131795291424
4,1642.5463816488427,935.0317758835396
