nframe,x0,y0
0,1770.0,807.0
1,1847.6588090225096,827.0168090731086
2,1728.9148297868862,876.4434026444442
3,1767.2351638498471,845.3131795291424
4,1744.5463816488427,730.0317758835396
5,1680.1144692526254,638.961346093005
6,1741.7888076680695,553.4105787669392
