nframe,x0,y0
0,1690.0,523.0
1,1767.6588090225173,543.0168090731155
2,1648.9148297868817,592.4434026444585
3,1687.2351638498471,561.3131795291579
4,1664.5463816488418,446.0317758835468
5,1600.1144692526195,354.96134609300594
6,1661.788807668071,269.41057876693606
