nframe,x0,y0
0,1774.0,54.0
1,1851.6588090225096,74.01680907310858
2,1732.9148297868862,123.4434026444442
3,1771.2351638498471,92.31317952914243
4,1748.5463816488427,-22.96822411646042
