nframe,x0,y0
0,1003.0,1062.0
1,1080.6588090225173,1082.0168090731154
2,961.9148297868817,1131.4434026444585
3,1000.235163849847,1100.3131795291579
4,977.5463816488419,985.0317758835467
5,913.1144692526194,893.9613460930059
6,974.7888076680712,808.410578766936
