nframe,x0,y0
0,1690.0,523.0
1,1767.6588090225096,543.0168090731086
2,1648.9148297868862,592.4434026444442
3,1687.2351638498471,561.3131795291424
4,1664.5463816488427,446.0317758835396
5,1600.1144692526254,354.961346093005
