nframe,x0,y0
0,672.0,1040.0
1,749.6588090225096,1060.0168090731086
2,630.9148297868863,1109.4434026444442
3,669.2351638498471,1078.3131795291424
4,646.5463816488426,963.0317758835396
5,582.1144692526253,871.961346093005
