nframe,x0,y0
0,1012.0,986.0
1,1089.6588090225096,1006.0168090731086
2,970.9148297868863,1055.4434026444442
3,1009.2351638498471,1024.3131795291424
4,986.5463816488426,909.0317758835396
5,922.1144692526253,817.961346093005
6,983.7888076680695,732.4105787669392
7,1026.3648446198972,769.816065239134
8,1062.4165849429332,777.5578336056383
9,1103.0761664258935,836.341750974633
10,1144.4091415550213,950.3808496512678
11,1179.6033723767073,951.0193261658845
12,1114.9156032501762,878.4589189189519
13,908.8001382558762,954.8124383574002
14,851.1301389926723,967.2079371578382
15,920.0835554065333,871.139375071204
16,950.6078435419182,936.7260757357343
17,1029.5157063277966,945.4635414925779
