nframe,x0,y0
0,768.0,840.0
1,845.6588090225173,860.0168090731155
2,726.9148297868817,909.4434026444585
3,765.235163849847,878.3131795291579
4,742.5463816488419,763.0317758835467
