nframe,x0,y0
0,1816.0,850.0
1,1893.6588090225096,870.0168090731086
2,1774.9148297868862,919.4434026444442
3,1813.2351638498471,888.3131795291424
4,1790.5463816488427,773.0317758835396
5,1726.1144692526254,681.961346093005
