nframe,x0,y0
0,794.0,1002.0
1,871.6588090225096,1022.0168090731086
2,752.9148297868863,1071.4434026444442
3,791.2351638498471,1040.3131795291424
4,768.5463816488426,925.0317758835396
5,704.1144692526253,833.961346093005
