nframe,x0,y0
0,548.0,1053.0
1,625.6588090225173,1073.0168090731154
2,506.9148297868817,1122.4434026444585
3,545.235163849847,1091.3131795291579
4,522.5463816488419,976.0317758835467
5,458.1144692526195,884.9613460930059
6,519.7888076680712,799.410578766936
