nframe,x0,y0
0,1594.0,672.0
1,1671.6588090225173,692.0168090731155
2,1552.9148297868817,741.4434026444585
3,1591.2351638498471,710.3131795291579
4,1568.5463816488418,595.0317758835467
5,1504.1144692526195,503.96134609300594
6,1565.788807668071,418.41057876693606
7,1608.364844619903,455.816065239139
8,1644.4165849429426,463.5578336056484
9,1685.0761664259064,522.3417509746535
