nframe,x0,y0
0,342.0,22.0
1,419.6588090225173,42.01680907311546
2,300.9148297868817,91.44340264445852
3,339.235163849847,60.3131795291579
4,316.54638164884193,-54.9682241164532
5,252.11446925261947,-146.03865390699406
6,313.7888076680712,-231.58942123306394
