nframe,x0,y0
0,463.0,891.0
1,540.6588090225173,911.0168090731155
2,421.9148297868817,960.4434026444585
3,460.235163849847,929.3131795291579
4,437.54638164884193,814.0317758835467
5,373.1144692526195,722.9613460930059
6,434.7888076680712,637.410578766936
7,477.3648446199028,674.816065239139
8,513.4165849429427,682.5578336056484
9,554.0761664259065,741.3417509746535
