nframe,x0,y0
0,1052.0,100.0
1,1129.6588090225173,120.01680907311547
2,1010.9148297868817,169.4434026444585
3,1049.2351638498471,138.3131795291579
4,1026.5463816488418,23.0317758835468
5,962.1144692526194,-68.03865390699406
6,1023.7888076680712,-153.58942123306394
