nframe,x0,y0
0,1313.0,48.0
1,1390.6588090225096,68.01680907310858
2,1271.9148297868862,117.4434026444442
3,1310.2351638498471,86.31317952914243
4,1287.5463816488427,-28.96822411646042
5,1223.1144692526254,-120.038653906995
