nframe,x0,y0
0,1876.0,577.0
1,1953.6588090225173,597.0168090731155
2,1834.9148297868817,646.4434026444585
3,1873.2351638498471,615.3131795291579
4,1850.5463816488418,500.0317758835468
