nframe,x0,y0
0,87.0,660.0
1,164.65880902251732,680.0168090731155
2,45.91482978688171,729.4434026444585
3,84.23516384984703,698.3131795291579
4,61.546381648841916,583.0317758835467
5,-2.8855307473805425,491.96134609300594
6,58.788807668071144,406.41057876693606
