nframe,x0,y0
0,1675.0,576.0
1,1752.6588090225096,596.0168090731086
2,1633.9148297868862,645.4434026444442
3,1672.2351638498471,614.3131795291424
4,1649.5463816488427,499.0317758835396
5,1585.1144692526254,407.961346093005
6,1646.7888076680695,322.41057876693924
7,1689.3648446198972,359.816065239134
8,1725.4165849429332,367.5578336056383
9,1766.0761664258935,426.341750974633
