nframe,x0,y0
0,1594.0,672.0
1,1671.6588090225096,692.0168090731086
2,1552.9148297868862,741.4434026444442
3,1591.2351638498471,710.3131795291424
4,1568.5463816488427,595.0317758835396
