nframe,x0,y0
0,320.0,13.0
1,397.6588090225173,33.01680907311546
2,278.9148297868817,82.44340264445852
3,317.235163849847,51.3131795291579
4,294.54638164884193,-63.9682241164532
5,230.11446925261947,-155.03865390699406
