nframe,x0,y0
0,1760.0,174.0
1,1837.6588090225173,194.01680907311547
2,1718.9148297868817,243.4434026444585
3,1757.2351638498471,212.3131795291579
4,1734.5463816488418,97.0317758835468
5,1670.1144692526195,5.961346093005943
