nframe,x0,y0
0,685.0,468.0
1,762.6588090225173,488.01680907311544
2,643.9148297868817,537.4434026444585
3,682.235163849847,506.3131795291579
4,659.5463816488419,391.0317758835468
5,595.1144692526194,299.96134609300594
6,656.7888076680712,214.41057876693606
