nframe,x0,y0
0,1312.0,522.0
1,1389.6588090225173,542.0168090731155
2,1270.9148297868817,591.4434026444585
3,1309.2351638498471,560.3131795291579
4,1286.5463816488418,445.0317758835468
