nframe,x0,y0
0,1468.0,23.0
1,1545.6588090225096,43.016809073108575
2,1426.9148297868862,92.4434026444442
3,1465.2351638498471,61.31317952914243
4,1442.5463816488427,-53.96822411646042
5,1378.1144692526254,-145.038653906995
6,1439.7888076680695,-230.58942123306073
7,1482.3648446198972,-193.183934760866
