nframe,x0,y0
0,865.0,750.0
1,942.6588090225096,770.0168090731086
2,823.9148297868863,819.4434026444442
3,862.2351638498471,788.3131795291424
4,839.5463816488426,673.0317758835396
5,775.1144692526253,581.961346093005
