nframe,x0,y0
0,1095.0,156.0
1,1172.6588090225173,176.01680907311547
2,1053.9148297868817,225.4434026444585
3,1092.2351638498471,194.3131795291579
4,1069.5463816488418,79.0317758835468
5,1005.1144692526194,-12.038653906994057
6,1066.788807668071,-97.58942123306394
7,1109.364844619903,-60.18393476086101
8,1145.4165849429426,-52.44216639435163
9,1186.0761664259064,6.341750974653479
10,1227.4091415550372,120.38084965130429
