nframe,x0,y0
0,412.0,756.0
1,489.6588090225095,776.0168090731086
2,370.9148297868863,825.4434026444442
3,409.23516384984714,794.3131795291424
4,386.54638164884267,679.0317758835396
5,322.1144692526253,587.961346093005
6,383.78880766806947,502.41057876693924
7,426.3648446198971,539.816065239134
8,462.41658494293324,547.5578336056383
9,503.07616642589346,606.341750974633
