nframe,x0,y0
0,1891.0,659.0
1,1968.6588090225173,679.0168090731155
2,1849.9148297868817,728.4434026444585
3,1888.2351638498471,697.3131795291579
4,1865.5463816488418,582.0317758835467
5,1801.1144692526195,490.96134609300594
6,1862.788807668071,405.41057876693606
7,1905.364844619903,442.816065239139
8,1941.4165849429426,450.5578336056484
9,1982.0761664259064,509.34175097465345
