nframe,x0,y0
0,1696.0,323.0
1,1773.6588090225096,343.01680907310856
2,1654.9148297868862,392.4434026444442
3,1693.2351638498471,361.3131795291424
4,1670.5463816488427,246.03177588353958
5,1606.1144692526254,154.961346093005
6,1667.7888076680695,69.41057876693927
7,1710.3648446198972,106.81606523913399
8,1746.4165849429332,114.55783360563825
9,1787.0761664258935,173.341750974633
10,1828.4091415550213,287.38084965126774
11,1863.6033723767073,288.01932616588454
12,1798.9156032501762,215.45891891895195
13,1592.8001382558762,291.8124383574002
14,1535.1301389926723,304.2079371578381
15,1604.0835554065332,208.13937507120397
16,1634.607843541918,273.7260757357343
17,1713.5157063277966,282.46354149257786
