nframe,x0,y0
0,1700.0,831.0
1,1777.6588090225173,851.0168090731155
2,1658.9148297868817,900.4434026444585
3,1697.2351638498471,869.3131795291579
4,1674.5463816488418,754.0317758835467
5,1610.1144692526195,662.9613460930059
6,1671.788807668071,577.410578766936
