nframe,x0,y0
0,163.0,534.0
1,240.6588090225095,554.0168090731086
2,121.9148297868863,603.4434026444442
3,160.23516384984714,572.3131795291424
4,137.54638164884264,457.0317758835396
