nframe,x0,y0
0,752.0,27.0
1,829.6588090225096,47.016809073108575
2,710.9148297868863,96.4434026444442
3,749.2351638498471,65.31317952914243
4,726.5463816488426,-49.96822411646042
5,662.1144692526253,-141.038653906995
6,723.7888076680695,-226.58942123306073
