nframe,x0,y0
0,169.0,36.0
1,246.65880902251732,56.01680907311546
2,127.91482978688171,105.44340264445852
3,166.23516384984703,74.3131795291579
4,143.5463816488419,-40.9682241164532
5,79.11446925261946,-132.03865390699406
6,140.78880766807114,-217.58942123306394
