nframe,x0,y0
0,1774.0,54.0
1,1851.6588090225173,74.01680907311547
2,1732.9148297868817,123.44340264445852
3,1771.2351638498471,92.3131795291579
4,1748.5463816488418,-22.9682241164532
