nframe,x0,y0
0,1767.0,454.0
1,1844.6588090225096,474.01680907310856
2,1725.9148297868862,523.4434026444442
3,1764.2351638498471,492.3131795291424
4,1741.5463816488427,377.0317758835396
5,1677.1144692526254,285.961346093005
6,1738.7888076680695,200.41057876693927
