nframe,x0,y0
0,1856.0,538.0
1,1933.6588090225173,558.0168090731155
2,1814.9148297868817,607.4434026444585
3,1853.2351638498471,576.3131795291579
4,1830.5463816488418,461.0317758835468
