nframe,x0,y0
0,30.0,500.0
1,107.6588090225095,520.0168090731086
2,-11.085170213113699,569.4434026444442
3,27.23516384984714,538.3131795291424
4,4.546381648842644,423.0317758835396
5,-59.88553074737467,331.961346093005
6,1.788807668069488,246.41057876693927
7,44.36484461989712,283.816065239134
8,80.41658494293321,291.5578336056383
9,121.07616642589349,350.341750974633
