nframe,x0,y0
0,702.0,111.0
1,779.6588090225173,131.01680907311547
2,660.9148297868817,180.4434026444585
3,699.235163849847,149.3131795291579
4,676.5463816488419,34.0317758835468
5,612.1144692526194,-57.03865390699406
6,673.7888076680712,-142.58942123306394
7,716.3648446199028,-105.183934760861
8,752.4165849429427,-97.44216639435163
9,793.0761664259065,-38.65824902534652
