nframe,x0,y0
0,1893.0,724.0
1,1970.6588090225173,744.0168090731155
2,1851.9148297868817,793.4434026444585
3,1890.2351638498471,762.3131795291579
4,1867.5463816488418,647.0317758835467
5,1803.1144692526195,555.9613460930059
6,1864.788807668071,470.41057876693606
7,1907.364844619903,507.816065239139
