nframe,x0,y0
0,1700.0,831.0
1,1777.6588090225096,851.0168090731086
2,1658.9148297868862,900.4434026444442
3,1697.2351638498471,869.3131795291424
4,1674.5463816488427,754.0317758835396
5,1610.1144692526254,662.961346093005
6,1671.7888076680695,577.4105787669392
7,1714.3648446198972,614.816065239134
8,1750.4165849429332,622.5578336056383
9,1791.0761664258935,681.341750974633
10,1832.4091415550213,795.3808496512678
11,1867.6033723767073,796.0193261658845
