nframe,x0,y0
0,408.0,1054.0
1,485.6588090225095,1074.0168090731086
2,366.9148297868863,1123.4434026444442
3,405.23516384984714,1092.3131795291424
4,382.54638164884267,977.0317758835396
