nframe,x0,y0
0,744.0,349.0
1,821.6588090225173,369.01680907311544
2,702.9148297868817,418.4434026444585
3,741.235163849847,387.3131795291579
4,718.5463816488419,272.0317758835468
5,654.1144692526194,180.96134609300594
6,715.7888076680712,95.41057876693606
