nframe,x0,y0
0,1222.0,136.0
1,1299.6588090225096,156.01680907310856
2,1180.9148297868862,205.4434026444442
3,1219.2351638498471,174.31317952914242
4,1196.5463816488427,59.03177588353958
5,1132.1144692526254,-32.038653906994995
