nframe,x0,y0
0,325.0,18.0
1,402.6588090225095,38.016809073108575
2,283.9148297868863,87.4434026444442
3,322.23516384984714,56.31317952914243
4,299.54638164884267,-58.96822411646042
5,235.11446925262533,-150.038653906995
