nframe,x0,y0
0,1806.0,854.0
1,1883.6588090225096,874.0168090731086
2,1764.9148297868862,923.4434026444442
3,1803.2351638498471,892.3131795291424
4,1780.5463816488427,777.0317758835396
5,1716.1144692526254,685.961346093005
