nframe,x0,y0
0,93.0,158.0
1,170.65880902251732,178.01680907311547
2,51.91482978688171,227.4434026444585
3,90.23516384984703,196.3131795291579
4,67.54638164884192,81.0317758835468
5,3.1144692526194575,-10.038653906994057
6,64.78880766807114,-95.58942123306394
7,107.36484461990281,-58.18393476086101
8,143.41658494294268,-50.44216639435163
9,184.07616642590654,8.341750974653479
10,225.40914155503728,122.38084965130429
11,260.60337237672695,123.01932616592543
12,195.9156032501906,50.45891891898847
13,-10.199861744131127,126.8124383574458
14,-67.86986100734077,139.20793715788807
15,1.0835554065286033,43.13937507124881
16,31.607843541916026,108.72607573579005
17,110.5157063278024,117.46354149263942
18,156.5682544150779,155.6856787514637
19,156.0778538276972,156.02485639384346
20,156.5894020130736,156.05245607503193
21,157.1762299683302,156.94047512316183
22,158.00910323614698,156.57145929961086
23,157.5021282903209,156.55549504683356
24,157.43784777980994,156.1584251633663
25,156.56859179475765,156.02444751012516
26,157.8067306565656,157.00497082983873
27,158.35714788575297,157.84495815764677
28,158.40290697337798,158.08219968264518
29,158.67612604029574,158.63692122203722
30,159.20990294170565,158.55972524370102
31,157.1008094637805,159.1773405839442
32,157.20673918930953,160.4939378696602
33,155.1061174118886,158.70192518310273
34,156.48389531431323,159.26161753738393
35,155.0935761561741,157.05214735151665
36,155.38184969044778,156.71639314910257
37,156.28959695265763,156.8857659128272
38,156.02181116135696,157.54784427749746
39,155.6020881722088,160.51398958154994
40,177.41218214533296,153.64420710067787
41,174.91690384885948,148.99359268523526
42,177.98279296313615,151.16494993841778
