nframe,x0,y0
0,1176.0,1014.0
1,1253.6588090225173,1034.0168090731154
2,1134.9148297868817,1083.4434026444585
3,1173.2351638498471,1052.3131795291579
4,1150.5463816488418,937.0317758835467
5,1086.1144692526195,845.9613460930059
6,1147.788807668071,760.410578766936
7,1190.364844619903,797.816065239139
