nframe,x0,y0
0,1840.0,792.0
1,1917.6588090225173,812.0168090731155
2,1798.9148297868817,861.4434026444585
3,1837.2351638498471,830.3131795291579
4,1814.5463816488418,715.0317758835467
5,1750.1144692526195,623.9613460930059
6,1811.788807668071,538.410578766936
7,1854.364844619903,575.816065239139
8,1890.4165849429426,583.5578336056484
9,1931.0761664259064,642.3417509746535
