nframe,x0,y0
0,256.0,13.0
1,333.6588090225095,33.016809073108575
2,214.9148297868863,82.4434026444442
3,253.23516384984714,51.31317952914243
4,230.54638164884264,-63.96822411646042
5,166.11446925262533,-155.038653906995
6,227.7888076680695,-240.58942123306073
7,270.3648446198971,-203.183934760866
8,306.41658494293324,-195.44216639436175
9,347.07616642589346,-136.658249025367
10,388.4091415550213,-22.619150348732248
