nframe,x0,y0
0,1718.0,594.0
1,1795.6588090225173,614.0168090731155
2,1676.9148297868817,663.4434026444585
3,1715.2351638498471,632.3131795291579
4,1692.5463816488418,517.0317758835467
5,1628.1144692526195,425.96134609300594
6,1689.788807668071,340.41057876693606
7,1732.364844619903,377.816065239139
8,1768.4165849429426,385.5578336056484
