nframe,x0,y0
0,320.0,196.0
1,397.6588090225095,216.01680907310856
2,278.9148297868863,265.4434026444442
3,317.23516384984714,234.31317952914242
4,294.54638164884267,119.03177588353958
5,230.11446925262533,27.961346093005005
6,291.78880766806947,-57.58942123306073
7,334.3648446198971,-20.18393476086601
