nframe,x0,y0
0,1287.0,334.0
1,1364.6588090225096,354.01680907310856
2,1245.9148297868862,403.4434026444442
3,1284.2351638498471,372.3131795291424
4,1261.5463816488427,257.0317758835396
5,1197.1144692526254,165.961346093005
6,1258.7888076680695,80.41057876693927
7,1301.3648446198972,117.81606523913399
8,1337.4165849429332,125.55783360563825
