nframe,x0,y0
0,1770.0,807.0
1,1847.6588090225173,827.0168090731155
2,1728.9148297868817,876.4434026444585
3,1767.2351638498471,845.3131795291579
4,1744.5463816488418,730.0317758835467
5,1680.1144692526195,638.9613460930059
6,1741.788807668071,553.410578766936
7,1784.364844619903,590.816065239139
8,1820.4165849429426,598.5578336056484
