nframe,x0,y0
0,1680.0,206.0
1,1757.6588090225173,226.01680907311547
2,1638.9148297868817,275.4434026444585
3,1677.2351638498471,244.3131795291579
4,1654.5463816488418,129.0317758835468
5,1590.1144692526195,37.96134609300594
