nframe,x0,y0
0,342.0,22.0
1,419.6588090225095,42.016809073108575
2,300.9148297868863,91.4434026444442
3,339.23516384984714,60.31317952914243
4,316.54638164884267,-54.96822411646042
5,252.11446925262533,-146.038653906995
6,313.78880766806947,-231.58942123306073
7,356.3648446198971,-194.183934760866
8,392.41658494293324,-186.44216639436175
9,433.07616642589346,-127.65824902536701
10,474.4091415550213,-13.619150348732248
11,509.60337237670717,-12.980673834115471
12,444.9156032501762,-85.54108108104805
13,238.8001382558761,-9.187561642599775
14,181.13013899267224,3.207937157838103
15,250.0835554065332,-92.86062492879603
16,280.60784354191816,-27.27392426426573
17,359.51570632779647,-18.53645850742211
18,405.56825441506754,19.685678751393823
19,405.0778538276868,20.02485639377375
20,405.58940201306336,20.052456074962233
21,406.17622996832006,20.940475123092494
22,407.00910323613715,20.57145929954143
