nframe,x0,y0
0,1768.0,294.0
1,1845.6588090225096,314.01680907310856
2,1726.9148297868862,363.4434026444442
3,1765.2351638498471,332.3131795291424
4,1742.5463816488427,217.03177588353958
5,1678.1144692526254,125.961346093005
