nframe,x0,y0
0,26.0,870.0
1,103.6588090225095,890.0168090731086
2,-15.085170213113699,939.4434026444442
3,23.23516384984714,908.3131795291424
4,0.5463816488426438,793.0317758835396
5,-63.88553074737467,701.961346093005
6,-2.211192331930512,616.4105787669392
7,40.36484461989712,653.816065239134
8,76.41658494293321,661.5578336056383
9,117.07616642589349,720.341750974633
