nframe,x0,y0
0,1095.0,156.0
1,1172.6588090225096,176.01680907310856
2,1053.9148297868862,225.4434026444442
3,1092.2351638498471,194.31317952914242
4,1069.5463816488427,79.03177588353958
