nframe,x0,y0
0,412.0,1026.0
1,489.6588090225173,1046.0168090731154
2,370.9148297868817,1095.4434026444585
3,409.235163849847,1064.3131795291579
4,386.54638164884193,949.0317758835467
5,322.1144692526195,857.9613460930059
