nframe,x0,y0
0,1609.0,426.0
1,1686.6588090225173,446.01680907311544
2,1567.9148297868817,495.4434026444585
3,1606.2351638498471,464.3131795291579
4,1583.5463816488418,349.0317758835468
