nframe,x0,y0
0,169.0,36.0
1,246.6588090225095,56.016809073108575
2,127.9148297868863,105.4434026444442
3,166.23516384984714,74.31317952914243
4,143.54638164884264,-40.96822411646042
5,79.11446925262533,-132.038653906995
6,140.7888076680695,-217.58942123306073
7,183.36484461989713,-180.183934760866
