nframe,x0,y0
0,1775.0,744.0
1,1852.6588090225173,764.0168090731155
2,1733.9148297868817,813.4434026444585
3,1772.2351638498471,782.3131795291579
4,1749.5463816488418,667.0317758835467
5,1685.1144692526195,575.9613460930059
6,1746.788807668071,490.41057876693606
7,1789.364844619903,527.816065239139
