nframe,x0,y0
0,1816.0,850.0
1,1893.6588090225173,870.0168090731155
2,1774.9148297868817,919.4434026444585
3,1813.2351638498471,888.3131795291579
4,1790.5463816488418,773.0317758835467
5,1726.1144692526195,681.9613460930059
6,1787.788807668071,596.410578766936
7,1830.364844619903,633.816065239139
8,1866.4165849429426,641.5578336056484
