nframe,x0,y0
0,144.0,920.0
1,221.6588090225095,940.0168090731086
2,102.9148297868863,989.4434026444442
3,141.23516384984714,958.3131795291424
4,118.54638164884264,843.0317758835396
5,54.11446925262533,751.961346093005
6,115.7888076680695,666.4105787669392
7,158.36484461989713,703.816065239134
8,194.4165849429332,711.5578336056383
9,235.0761664258935,770.341750974633
