nframe,x0,y0
0,244.0,260.0
1,321.6588090225095,280.01680907310856
2,202.9148297868863,329.4434026444442
3,241.23516384984714,298.3131795291424
4,218.54638164884264,183.03177588353958
