nframe,x0,y0
0,1669.0,271.0
1,1746.6588090225096,291.01680907310856
2,1627.9148297868862,340.4434026444442
3,1666.2351638498471,309.3131795291424
4,1643.5463816488427,194.03177588353958
5,1579.1144692526254,102.961346093005
6,1640.7888076680695,17.410578766939267
7,1683.3648446198972,54.81606523913399
8,1719.4165849429332,62.55783360563825
9,1760.0761664258935,121.34175097463299
10,1801.4091415550213,235.38084965126774
11,1836.6033723767073,236.01932616588454
12,1771.9156032501762,163.45891891895195
13,1565.8001382558762,239.81243835740023
14,1508.1301389926723,252.2079371578381
15,1577.0835554065332,156.13937507120397
16,1607.607843541918,221.72607573573427
