nframe,x0,y0
0,1634.0,970.0
1,1711.6588090225096,990.0168090731086
2,1592.9148297868862,1039.4434026444442
3,1631.2351638498471,1008.3131795291424
4,1608.5463816488427,893.0317758835396
5,1544.1144692526254,801.961346093005
6,1605.7888076680695,716.4105787669392
7,1648.3648446198972,753.816065239134
8,1684.4165849429332,761.5578336056383
9,1725.0761664258935,820.341750974633
10,1766.4091415550213,934.3808496512678
11,1801.6033723767073,935.0193261658845
12,1736.9156032501762,862.4589189189519
