nframe,x0,y0
0,1778.0,107.0
1,1855.6588090225173,127.01680907311547
2,1736.9148297868817,176.4434026444585
3,1775.2351638498471,145.3131795291579
4,1752.5463816488418,30.0317758835468
5,1688.1144692526195,-61.03865390699406
6,1749.788807668071,-146.58942123306394
7,1792.364844619903,-109.183934760861
8,1828.4165849429426,-101.44216639435163
9,1869.0761664259064,-42.65824902534652
