nframe,x0,y0
0,1176.0,1014.0
1,1253.6588090225173,1034.0168090731154
2,1134.9148297868817,1083.4434026444585
3,1173.2351638498471,1052.3131795291579
4,1150.5463816488418,937.0317758835467
