nframe,x0,y0
0,1052.0,100.0
1,1129.6588090225096,120.01680907310858
2,1010.9148297868863,169.4434026444442
3,1049.2351638498471,138.31317952914242
4,1026.5463816488427,23.03177588353958
5,962.1144692526253,-68.038653906995
6,1023.7888076680695,-153.58942123306073
