nframe,x0,y0
0,470.0,326.0
1,547.6588090225096,346.01680907310856
2,428.9148297868863,395.4434026444442
3,467.23516384984714,364.3131795291424
4,444.54638164884267,249.03177588353958
5,380.1144692526253,157.961346093005
6,441.78880766806947,72.41057876693927
7,484.3648446198971,109.81606523913399
8,520.4165849429332,117.55783360563825
9,561.0761664258935,176.341750974633
10,602.4091415550213,290.38084965126774
11,637.6033723767072,291.01932616588454
12,572.9156032501762,218.45891891895195
13,366.8001382558761,294.8124383574002
14,309.13013899267224,307.2079371578381
15,378.0835554065332,211.13937507120397
16,408.60784354191816,276.7260757357343
17,487.51570632779647,285.46354149257786
18,533.5682544150676,323.6856787513938
19,533.0778538276868,324.02485639377375
20,533.5894020130634,324.0524560749622
21,534.1762299683201,324.9404751230925
22,535.0091032361372,324.5714592995414
23,534.502128290311,324.5554950467641
24,534.4378477798001,324.1584251632968
25,533.5685917947477,324.0244475100556
26,534.8067306565558,325.00497082976955
27,535.3571478857433,325.84495815757793
28,535.4029069733683,326.0821996825765
29,535.6761260402862,326.63692122196875
30,536.2099029416963,326.55972524363256
31,534.1008094637696,327.1773405838761
32,534.2067391892994,328.493937869593
33,532.1061174118761,326.7019251830337
34,533.4838953143023,327.26161753731503
35,532.0935761561615,325.05214735144546
36,532.3818496904355,324.7163931490308
37,533.2895969526464,324.8857659127552
38,533.0218111613459,325.5478442774258
39,532.6020881721985,328.5139895814807
40,554.4121821453259,321.6442071006043
41,551.916903848851,316.99359268516224
42,554.9827929631289,319.1649499383461
43,551.0451417335537,319.782097245728
44,540.2022482442871,331.0278588704001
45,553.4664314671509,342.69358607384544
46,553.2746505188345,367.37578698213997
47,561.6380702426931,375.15712783845663
48,558.9618111893889,369.74756048109157
49,557.7318432615781,365.5064134357021
50,571.2511884079078,366.6934782985331
51,563.6472532764988,366.59032251848663
52,571.6005427479024,360.2538477110805
53,577.3053622147656,364.59019721114555
54,578.5799618022727,378.7617128773591
55,581.6390402072208,375.1349737874355
56,580.9732632659013,383.8495378326228
57,563.5027979756522,378.4592118902332
58,561.6431698910166,382.5342136842957
59,561.557201970744,391.83470456781754
60,561.5435631993644,391.41673649397376
