nframe,x0,y0
0,1669.0,271.0
1,1746.6588090225173,291.01680907311544
2,1627.9148297868817,340.4434026444585
3,1666.2351638498471,309.3131795291579
4,1643.5463816488418,194.0317758835468
