nframe,x0,y0
0,292.0,759.0
1,369.6588090225095,779.0168090731086
2,250.9148297868863,828.4434026444442
3,289.23516384984714,797.3131795291424
4,266.54638164884267,682.0317758835396
