nframe,x0,y0
0,1468.0,23.0
1,1545.6588090225173,43.01680907311546
2,1426.9148297868817,92.44340264445852
3,1465.2351638498471,61.3131795291579
4,1442.5463816488418,-53.9682241164532
5,1378.1144692526195,-145.03865390699406
6,1439.788807668071,-230.58942123306394
