nframe,x0,y0
0,994.0,68.0
1,1071.6588090225173,88.01680907311547
2,952.9148297868817,137.4434026444585
3,991.235163849847,106.3131795291579
4,968.5463816488419,-8.9682241164532
5,904.1144692526194,-100.03865390699406
6,965.7888076680712,-185.58942123306394
7,1008.3648446199028,-148.183934760861
8,1044.4165849429426,-140.44216639435163
9,1085.0761664259064,-81.65824902534652
10,1126.4091415550372,32.38084965130429
