nframe,x0,y0
0,1636.0,494.0
1,1713.6588090225173,514.0168090731155
2,1594.9148297868817,563.4434026444585
3,1633.2351638498471,532.3131795291579
4,1610.5463816488418,417.0317758835468
