nframe,x0,y0
0,1806.0,854.0
1,1883.6588090225173,874.0168090731155
2,1764.9148297868817,923.4434026444585
3,1803.2351638498471,892.3131795291579
4,1780.5463816488418,777.0317758835467
5,1716.1144692526195,685.9613460930059
6,1777.788807668071,600.410578766936
7,1820.364844619903,637.816065239139
8,1856.4165849429426,645.5578336056484
