nframe,x0,y0
0,1856.0,538.0
1,1933.6588090225096,558.0168090731086
2,1814.9148297868862,607.4434026444442
3,1853.2351638498471,576.3131795291424
4,1830.5463816488427,461.0317758835396
5,1766.1144692526254,369.961346093005
6,1827.7888076680695,284.41057876693924
7,1870.3648446198972,321.816065239134
