nframe,x0,y0
0,1656.0,992.0
1,1733.6588090225173,1012.0168090731155
2,1614.9148297868817,1061.4434026444585
3,1653.2351638498471,1030.3131795291579
4,1630.5463816488418,915.0317758835467
5,1566.1144692526195,823.9613460930059
6,1627.788807668071,738.410578766936
7,1670.364844619903,775.816065239139
8,1706.4165849429426,783.5578336056484
9,1747.0761664259064,842.3417509746535
10,1788.4091415550372,956.3808496513043
11,1823.6033723767268,957.0193261659255
12,1758.9156032501905,884.4589189189885
13,1552.800138255869,960.8124383574458
14,1495.1301389926593,973.2079371578881
15,1564.0835554065286,877.1393750712488
