nframe,x0,y0
0,320.0,13.0
1,397.6588090225095,33.016809073108575
2,278.9148297868863,82.4434026444442
3,317.23516384984714,51.31317952914243
4,294.54638164884267,-63.96822411646042
