nframe,x0,y0
0,1222.0,136.0
1,1299.6588090225096,156.01680907310856
2,1180.9148297868862,205.4434026444442
3,1219.2351638498471,174.31317952914242
4,1196.5463816488427,59.03177588353958
5,1132.1144692526254,-32.038653906994995
6,1193.7888076680695,-117.58942123306073
7,1236.3648446198972,-80.18393476086601
8,1272.4165849429332,-72.44216639436175
9,1313.0761664258935,-13.658249025367013
