nframe,x0,y0
0,144.0,920.0
1,221.65880902251732,940.0168090731155
2,102.91482978688171,989.4434026444585
3,141.23516384984703,958.3131795291579
4,118.54638164884192,843.0317758835467
