nframe,x0,y0
0,1060.0,603.0
1,1137.6588090225173,623.0168090731155
2,1018.9148297868817,672.4434026444585
3,1057.2351638498471,641.3131795291579
4,1034.5463816488418,526.0317758835467
