nframe,x0,y0
0,114.0,454.0
1,191.65880902251732,474.01680907311544
2,72.91482978688171,523.4434026444585
3,111.23516384984703,492.3131795291579
4,88.54638164884192,377.0317758835468
