nframe,x0,y0
0,1514.0,757.0
1,1591.6588090225173,777.0168090731155
2,1472.9148297868817,826.4434026444585
3,1511.2351638498471,795.3131795291579
4,1488.5463816488418,680.0317758835467
