nframe,x0,y0
0,1791.0,284.0
1,1868.6588090225173,304.01680907311544
2,1749.9148297868817,353.4434026444585
3,1788.2351638498471,322.3131795291579
4,1765.5463816488418,207.0317758835468
5,1701.1144692526195,115.96134609300594
6,1762.788807668071,30.410578766936055
7,1805.364844619903,67.816065239139
8,1841.4165849429426,75.55783360564837
