nframe,x0,y0
0,1514.0,757.0
1,1591.6588090225096,777.0168090731086
2,1472.9148297868862,826.4434026444442
3,1511.2351638498471,795.3131795291424
4,1488.5463816488427,680.0317758835396
5,1424.1144692526254,588.961346093005
