nframe,x0,y0
0,262.0,877.0
1,339.6588090225173,897.0168090731155
2,220.9148297868817,946.4434026444585
3,259.235163849847,915.3131795291579
4,236.5463816488419,800.0317758835467
5,172.11446925261947,708.9613460930059
6,233.78880766807114,623.410578766936
7,276.3648446199028,660.816065239139
