nframe,x0,y0
0,1593.0,958.0
1,1670.6588090225173,978.0168090731155
2,1551.9148297868817,1027.4434026444585
3,1590.2351638498471,996.3131795291579
4,1567.5463816488418,881.0317758835467
5,1503.1144692526195,789.9613460930059
6,1564.788807668071,704.410578766936
7,1607.364844619903,741.816065239139
8,1643.4165849429426,749.5578336056484
9,1684.0761664259064,808.3417509746535
