nframe,x0,y0
0,1646.0,1043.0
1,1723.6588090225096,1063.0168090731086
2,1604.9148297868862,1112.4434026444442
3,1643.2351638498471,1081.3131795291424
4,1620.5463816488427,966.0317758835396
5,1556.1144692526254,874.961346093005
6,1617.7888076680695,789.4105787669392
7,1660.3648446198972,826.816065239134
8,1696.4165849429332,834.5578336056383
9,1737.0761664258935,893.341750974633
10,1778.4091415550213,1007.3808496512678
11,1813.6033723767073,1008.0193261658845
12,1748.9156032501762,935.4589189189519
13,1542.8001382558762,1011.8124383574002
14,1485.1301389926723,1024.2079371578382
15,1554.0835554065332,928.139375071204
16,1584.607843541918,993.7260757357343
17,1663.5157063277966,1002.4635414925779
18,1709.5682544150675,1040.6856787513939
19,1709.0778538276868,1041.0248563937737
20,1709.5894020130634,1041.0524560749623
21,1710.17622996832,1041.9404751230925
22,1711.0091032361372,1041.5714592995414
23,1710.502128290311,1041.5554950467642
24,1710.4378477798,1041.158425163297
25,1709.5685917947476,1041.0244475100556
26,1710.8067306565558,1042.0049708297695
27,1711.3571478857434,1042.844958157578
28,1711.4029069733683,1043.0821996825764
29,1711.6761260402861,1043.6369212219688
30,1712.2099029416963,1043.5597252436326
31,1710.1008094637696,1044.1773405838762
32,1710.2067391892995,1045.493937869593
33,1708.106117411876,1043.7019251830336
34,1709.4838953143023,1044.261617537315
35,1708.0935761561616,1042.0521473514455
36,1708.3818496904355,1041.7163931490309
37,1709.2895969526464,1041.8857659127552
38,1709.021811161346,1042.5478442774258
39,1708.6020881721986,1045.5139895814807
40,1730.412182145326,1038.6442071006043
