nframe,x0,y0
0,1176.0,82.0
1,1253.6588090225096,102.01680907310858
2,1134.9148297868862,151.4434026444442
3,1173.2351638498471,120.31317952914243
4,1150.5463816488427,5.031775883539581
