nframe,x0,y0
0,450.0,999.0
1,527.6588090225096,1019.0168090731086
2,408.9148297868863,1068.4434026444442
3,447.23516384984714,1037.3131795291424
4,424.54638164884267,922.0317758835396
5,360.1144692526253,830.961346093005
6,421.78880766806947,745.4105787669392
