nframe,x0,y0
0,1868.0,326.0
1,1945.6588090225173,346.01680907311544
2,1826.9148297868817,395.4434026444585
3,1865.2351638498471,364.3131795291579
4,1842.5463816488418,249.0317758835468
