nframe,x0,y0
0,1085.0,1014.0
1,1162.6588090225173,1034.0168090731154
2,1043.9148297868817,1083.4434026444585
3,1082.2351638498471,1052.3131795291579
4,1059.5463816488418,937.0317758835467
5,995.1144692526194,845.9613460930059
