nframe,x0,y0
0,1718.0,594.0
1,1795.6588090225173,614.0168090731155
2,1676.9148297868817,663.4434026444585
3,1715.2351638498471,632.3131795291579
4,1692.5463816488418,517.0317758835467
