nframe,x0,y0
0,1893.0,661.0
1,1970.6588090225096,681.0168090731086
2,1851.9148297868862,730.4434026444442
3,1890.2351638498471,699.3131795291424
4,1867.5463816488427,584.0317758835396
5,1803.1144692526254,492.961346093005
6,1864.7888076680695,407.41057876693924
7,1907.3648446198972,444.816065239134
8,1943.4165849429332,452.5578336056383
9,1984.0761664258935,511.341750974633
