nframe,x0,y0
0,138.0,732.0
1,215.6588090225095,752.0168090731086
2,96.9148297868863,801.4434026444442
3,135.23516384984714,770.3131795291424
4,112.54638164884264,655.0317758835396
5,48.11446925262533,563.961346093005
