nframe,x0,y0
0,1508.0,16.0
1,1585.6588090225096,36.016809073108575
2,1466.9148297868862,85.4434026444442
3,1505.2351638498471,54.31317952914243
4,1482.5463816488427,-60.96822411646042
